-- phpMyAdmin SQL Dump
-- version 5.0.2
-- https://www.phpmyadmin.net/
--
-- Host: localhost
-- Waktu pembuatan: 19 Jul 2021 pada 02.59
-- Versi server: 10.4.14-MariaDB
-- Versi PHP: 7.4.10

SET SQL_MODE = "NO_AUTO_VALUE_ON_ZERO";
START TRANSACTION;
SET time_zone = "+00:00";


/*!40101 SET @OLD_CHARACTER_SET_CLIENT=@@CHARACTER_SET_CLIENT */;
/*!40101 SET @OLD_CHARACTER_SET_RESULTS=@@CHARACTER_SET_RESULTS */;
/*!40101 SET @OLD_COLLATION_CONNECTION=@@COLLATION_CONNECTION */;
/*!40101 SET NAMES utf8mb4 */;

--
-- Database: `sisfo-sppd`
--

-- --------------------------------------------------------

--
-- Struktur dari tabel `adminx`
--

CREATE TABLE `adminx` (
  `kd` varchar(50) NOT NULL,
  `usernamex` varchar(100) DEFAULT NULL,
  `passwordx` varchar(100) DEFAULT NULL,
  `postdate` datetime DEFAULT NULL
) ENGINE=MyISAM DEFAULT CHARSET=latin1;

--
-- Dumping data untuk tabel `adminx`
--

INSERT INTO `adminx` (`kd`, `usernamex`, `passwordx`, `postdate`) VALUES
('21232f297a57a5a743894a0e4a801fc3', 'admin', '21232f297a57a5a743894a0e4a801fc3', '2020-10-11 10:24:53');

-- --------------------------------------------------------

--
-- Struktur dari tabel `lap_bag_bulan`
--

CREATE TABLE `lap_bag_bulan` (
  `kd` varchar(50) NOT NULL,
  `tahun` varchar(4) DEFAULT NULL,
  `bagian` varchar(100) DEFAULT NULL,
  `bulan` varchar(2) DEFAULT NULL,
  `total` varchar(100) DEFAULT NULL,
  `postdate` datetime DEFAULT NULL
) ENGINE=MyISAM DEFAULT CHARSET=utf8mb4;

--
-- Dumping data untuk tabel `lap_bag_bulan`
--

INSERT INTO `lap_bag_bulan` (`kd`, `tahun`, `bagian`, `bulan`, `total`, `postdate`) VALUES
('756e36ed18286b72a3a57ac66602f7f1', '2021', 'Umum', '12', '', '2021-07-18 15:47:33'),
('1c237520334595cd19e4ebfaff152fe6', '2021', 'Umum', '11', '', '2021-07-18 15:47:33'),
('98b7ca52fbe37f9178acaae6c3028e64', '2021', 'Umum', '10', '', '2021-07-18 15:47:33'),
('6b292f11876e8bf06746873c1d1fac9f', '2021', 'Umum', '9', '', '2021-07-18 15:47:33'),
('07e90932b551b5c8cb25b571d34259a9', '2021', 'Umum', '8', '', '2021-07-18 15:47:33'),
('7384fde722ff0a2d2a1b365ac7a7d6b6', '2021', 'Umum', '7', '', '2021-07-18 15:47:33'),
('b76276216b4b4aa8bc5f8cb845819433', '2021', 'Umum', '6', '', '2021-07-18 15:47:33'),
('b412544fa156661fbf2794bd97c2977c', '2021', 'Umum', '5', '', '2021-07-18 15:47:33'),
('9ee4fbdff8524bc085b8ae5997c71ab6', '2021', 'Umum', '4', '', '2021-07-18 15:47:33'),
('7a9b6eaacb9f0b899d9aeb85755ed0b5', '2021', 'Umum', '3', '', '2021-07-18 15:47:33'),
('5decdb2341b4bd318a29290a5a535a6a', '2021', 'Umum', '2', '', '2021-07-18 15:47:33'),
('e31538f00546e92318c1f67821507635', '2021', 'Umum', '1', '', '2021-07-18 15:47:33'),
('4a948f675b373004ea2f28c18849b08d', '2021', 'Tata Usaha', '12', '', '2021-07-18 15:47:33'),
('6506cc5c17f7f2c709005135e960b840', '2021', 'Tata Usaha', '11', '', '2021-07-18 15:47:33'),
('24799d5af6d7bbe765cd4a56e2663473', '2021', 'Tata Usaha', '10', '', '2021-07-18 15:47:33'),
('dbb24d8f5cbebf85a493f2b78a397729', '2021', 'Tata Usaha', '9', '', '2021-07-18 15:47:33'),
('0fa854c61e4f78a1d218cb9d637d32e8', '2021', 'Tata Usaha', '8', '', '2021-07-18 15:47:33'),
('03e760d440ebe316708c61f2858d6875', '2021', 'Tata Usaha', '7', '', '2021-07-18 15:47:33'),
('80ef8038d8580d5c722a9a4394ce72f3', '2021', 'Tata Usaha', '6', '', '2021-07-18 15:47:33'),
('e5cf920230ba75387e10245d47a7ef1e', '2021', 'Tata Usaha', '5', '', '2021-07-18 15:47:33'),
('c874b2ed8df0deb7a9269cd6a7895966', '2021', 'Tata Usaha', '4', '', '2021-07-18 15:47:33'),
('e515ab6ded83dc08394f3e75ae55e0db', '2021', 'Tata Usaha', '3', '', '2021-07-18 15:47:33'),
('ecb3fe503f96ed830bf2707f2844437c', '2021', 'Tata Usaha', '2', '', '2021-07-18 15:47:33'),
('c5b5e323492f50dc2549c78e2692ead5', '2021', 'Tata Usaha', '1', '', '2021-07-18 15:47:33'),
('49358287c7d4928af0942e0e83f27c0d', '2021', 'Sosial dan Ekonomi', '12', '', '2021-07-18 15:47:33'),
('96d4af05dae2daed815bed838b37eb51', '2021', 'Sosial dan Ekonomi', '11', '', '2021-07-18 15:47:33'),
('f0bf65a605993d70ac31f98061313144', '2021', 'Sosial dan Ekonomi', '10', '', '2021-07-18 15:47:33'),
('1ca27133eff2b9f5cfb0199fd5507dd9', '2021', 'Sosial dan Ekonomi', '9', '', '2021-07-18 15:47:33'),
('f8ce3617cfed168ad284469a694894bd', '2021', 'Sosial dan Ekonomi', '8', '', '2021-07-18 15:47:33'),
('3d775fa3924910a2709f955806cf872d', '2021', 'Sosial dan Ekonomi', '7', '', '2021-07-18 15:47:33'),
('db9c8f25316a8e8160a014fdc8ef6408', '2021', 'Sosial dan Ekonomi', '6', '', '2021-07-18 15:47:33'),
('ab1ca5c12c2774cf44b434226e981082', '2021', 'Sosial dan Ekonomi', '5', '', '2021-07-18 15:47:33'),
('944fbd6c03702421191145f76302542f', '2021', 'Sosial dan Ekonomi', '4', '', '2021-07-18 15:47:33'),
('0b512404b0411e623f64ec8981f8ae21', '2021', 'Sosial dan Ekonomi', '3', '', '2021-07-18 15:47:33'),
('4e7a139ffdef57a1a32994044d48405c', '2021', 'Sosial dan Ekonomi', '2', '', '2021-07-18 15:47:33'),
('ebe2fae88ca51acbb4109510d63741d3', '2021', 'Sosial dan Ekonomi', '1', '', '2021-07-18 15:47:33'),
('b8728ef2c4fc9ee7491e1fe24fcf8aff', '2021', 'Pemerintahan Umum', '12', '', '2021-07-18 15:47:33'),
('04fba6ec61e9a27dcdeb0d85b68293ad', '2021', 'Pemerintahan Umum', '11', '', '2021-07-18 15:47:33'),
('a2e0cb0f41526175456ae3cc800a179a', '2021', 'Pemerintahan Umum', '10', '', '2021-07-18 15:47:33'),
('ec2b716d5dc4bd0166323acf86eceabf', '2021', 'Pemerintahan Umum', '2', '', '2021-07-18 15:47:33'),
('f6d06aec4fb72a04f9cd4020bef5e10f', '2021', 'Pemerintahan Umum', '3', '', '2021-07-18 15:47:33'),
('76c8a5bf0f3faae0274ef86e30e44e8b', '2021', 'Pemerintahan Umum', '4', '', '2021-07-18 15:47:33'),
('6e0380dcff35db89b9a6203d4f6676fb', '2021', 'Pemerintahan Umum', '5', '', '2021-07-18 15:47:33'),
('8cf81a517605f1838c9ac65b2be20d37', '2021', 'Pemerintahan Umum', '6', '', '2021-07-18 15:47:33'),
('b7db9d31e6f8538e6e91677228355f76', '2021', 'Pemerintahan Umum', '7', '', '2021-07-18 15:47:33'),
('865375e012baa533a2922ee3f48659b4', '2021', 'Pemerintahan Umum', '8', '', '2021-07-18 15:47:33'),
('05e613ba6aba635574abc6a13ad372cc', '2021', 'Pemerintahan Umum', '9', '', '2021-07-18 15:47:33'),
('1c83f84d3ba7aa7147878f6a2054b976', '2021', 'Pemerintahan Umum', '1', '', '2021-07-18 15:47:33'),
('e6065404c6a75eb615c2a859e08b8e10', '2021', 'Organisasi', '12', '', '2021-07-18 15:47:33'),
('560c476344a53044957e47d0c7abfcaf', '2021', 'Organisasi', '11', '', '2021-07-18 15:47:33'),
('3bc10ec95dae8e44b304557e5a3f45c6', '2021', 'Organisasi', '10', '', '2021-07-18 15:47:33'),
('8961ddc12910214a410632d23b60d658', '2021', 'Organisasi', '9', '', '2021-07-18 15:47:33'),
('3de1df37e5f9bb22d1a8fa12a267900a', '2021', 'Organisasi', '8', '', '2021-07-18 15:47:33'),
('31ac24a3fe63a2a2021b6450cf27e2fb', '2021', 'Organisasi', '7', '', '2021-07-18 15:47:33'),
('60e9e969d47183ae1cd0a9579f828054', '2021', 'Organisasi', '6', '', '2021-07-18 15:47:33'),
('4fca37194411b8aa91254b2aa191bfc7', '2021', 'Organisasi', '5', '', '2021-07-18 15:47:33'),
('9e1ea7b41d62360ac369ee0bcbcd1678', '2021', 'Organisasi', '4', '', '2021-07-18 15:47:33'),
('19d329403f02e2da265cfc05d41fd253', '2021', 'Organisasi', '3', '', '2021-07-18 15:47:33'),
('978e9ee25edea456a6fefceded18b42f', '2021', 'Organisasi', '2', '', '2021-07-18 15:47:33'),
('33acd7a2a52067fb48ecf948c6037e41', '2021', 'Organisasi', '1', '', '2021-07-18 15:47:33'),
('e48e376142d8cf4cb801140ed087c2e0', '2021', 'Humas dan Protokol', '12', '', '2021-07-18 15:47:33'),
('abf54f61a14194648222d3918da54238', '2021', 'Humas dan Protokol', '11', '', '2021-07-18 15:47:33'),
('fd76f91c112572235cc7512320b1915f', '2021', 'Humas dan Protokol', '10', '', '2021-07-18 15:47:33'),
('8a08a8763a6dc62ea5bd121d57bbf757', '2021', 'Humas dan Protokol', '9', '', '2021-07-18 15:47:33'),
('554645eb53158c44bbdfb7a5ff77a223', '2021', 'Humas dan Protokol', '8', '', '2021-07-18 15:47:33'),
('1cfe88b631d8aadd96d5cb1a44e23d5e', '2021', 'Humas dan Protokol', '6', '', '2021-07-18 15:47:33'),
('2722f07434eecbd0ed65387922cb8d6f', '2021', 'Humas dan Protokol', '7', '', '2021-07-18 15:47:33'),
('95523bfcfd50bae5b3cabd328bcdde6d', '2021', 'Humas dan Protokol', '5', '', '2021-07-18 15:47:33'),
('d5f74fdcf6f9bd1e81901fa5a4fc6508', '2021', 'Humas dan Protokol', '2', '', '2021-07-18 15:47:33'),
('41ddbbced55669818b2a40f4fed46f56', '2021', 'Humas dan Protokol', '3', '', '2021-07-18 15:47:33'),
('109d981eb38a8d5c58ea31052f257de7', '2021', 'Humas dan Protokol', '4', '', '2021-07-18 15:47:33'),
('5c5e400e89d5434cbb64f485fb7e1197', '2021', 'Humas dan Protokol', '1', '', '2021-07-18 15:47:33'),
('c0224a986cba335407ce4535149f9441', '2021', 'Hukum', '12', '', '2021-07-18 15:47:33'),
('c797eac1db03c051b64778afd7f430e7', '2021', 'Hukum', '11', '', '2021-07-18 15:47:33'),
('98312ce7f60659d5760270fd50d833f6', '2021', 'Hukum', '10', '', '2021-07-18 15:47:33'),
('aec5046c099a70be6a917e4f8d464ca8', '2021', 'Hukum', '9', '', '2021-07-18 15:47:33'),
('890b28053d8b32f859705f01211873ec', '2021', 'Hukum', '8', '', '2021-07-18 15:47:33'),
('519a497384d1d708f9bfd0d59661924f', '2020', 'Tata Usaha', '4', '', '2021-07-02 07:36:08'),
('474e857c87a164396006691a083d2b21', '2020', 'Tata Usaha', '3', '', '2021-07-02 07:36:08'),
('0c0ad5db12ab0e201b5a10aae8b391bb', '2020', 'Tata Usaha', '2', '', '2021-07-02 07:36:08'),
('fd7ba0841771dc5b9b81db24a259ea3d', '2020', 'Tata Usaha', '1', '', '2021-07-02 07:36:08'),
('9b6b2dec55f2c24e163593d630d90095', '2020', 'Sosial dan Ekonomi', '12', '', '2021-07-02 07:36:08'),
('3da534e46b255bf507dcdee7eac1fd5a', '2020', 'Sosial dan Ekonomi', '11', '', '2021-07-02 07:36:08'),
('1a125aee9bca1339fbd1f4644bfe34f5', '2020', 'Sosial dan Ekonomi', '10', '', '2021-07-02 07:36:08'),
('7c094042b226e43e730a8febe1c6315a', '2020', 'Sosial dan Ekonomi', '9', '', '2021-07-02 07:36:08'),
('573c05e88d3ad981bfb041a5ede967c2', '2020', 'Sosial dan Ekonomi', '8', '', '2021-07-02 07:36:08'),
('6ac581c9520f8a763a5d8d285073190c', '2020', 'Sosial dan Ekonomi', '7', '', '2021-07-02 07:36:08'),
('4632077e81e4ed5d194510669fdd3e47', '2020', 'Sosial dan Ekonomi', '6', '', '2021-07-02 07:36:08'),
('802e52bba60cc9b08325c563b03d3513', '2020', 'Sosial dan Ekonomi', '5', '', '2021-07-02 07:36:08'),
('8d8cdbe5bead14b981134fd4680854cc', '2020', 'Sosial dan Ekonomi', '4', '', '2021-07-02 07:36:08'),
('5d38b9d40df2bf9f276dbac9770236ad', '2020', 'Sosial dan Ekonomi', '3', '', '2021-07-02 07:36:08'),
('79ee4500fdc2b6a7bb740c8c7f5b15df', '2020', 'Sosial dan Ekonomi', '2', '', '2021-07-02 07:36:08'),
('5afbc92fb36aac1d3c7dfa0db72f018b', '2020', 'Sosial dan Ekonomi', '1', '', '2021-07-02 07:36:08'),
('3f86c5dd756d09828e0eaa8828d6e97e', '2020', 'Pemerintahan Umum', '12', '', '2021-07-02 07:36:08'),
('7968dae986bfcfc143569ff3cc3a0afb', '2020', 'Pemerintahan Umum', '11', '', '2021-07-02 07:36:08'),
('c9a161a30602412a4806c29f4a6f290d', '2020', 'Pemerintahan Umum', '10', '', '2021-07-02 07:36:08'),
('d1abb50137a0b179f4dbcb76a57ee7e3', '2020', 'Pemerintahan Umum', '9', '', '2021-07-02 07:36:08'),
('edd6825356540bb8c277cb0a4a18fe8c', '2020', 'Pemerintahan Umum', '8', '', '2021-07-02 07:36:08'),
('b8854b0fdd07c6f0a9611b745070223e', '2020', 'Pemerintahan Umum', '7', '', '2021-07-02 07:36:08'),
('ab20ef3f95c96777be918a8c35917906', '2020', 'Pemerintahan Umum', '6', '', '2021-07-02 07:36:08'),
('57c3020cebab58855a3e05701df3525f', '2020', 'Pemerintahan Umum', '5', '', '2021-07-02 07:36:08'),
('aa64e21c25a00f4d11effa813b40a1ab', '2020', 'Pemerintahan Umum', '4', '', '2021-07-02 07:36:08'),
('578a3c7234647950fd26ca793ef77600', '2020', 'Pemerintahan Umum', '3', '', '2021-07-02 07:36:08'),
('c35417290277d4b0d3ba6700e6a07232', '2020', 'Pemerintahan Umum', '2', '', '2021-07-02 07:36:08'),
('aa5d4ec62d6bb991db229d6f14074763', '2020', 'Pemerintahan Umum', '1', '', '2021-07-02 07:36:08'),
('6cfa2a28013dd3bda4a4f15c1b54e3f7', '2020', 'Organisasi', '12', '', '2021-07-02 07:36:08'),
('f3ece8a5133b36d6dd430b932b95e317', '2020', 'Organisasi', '11', '', '2021-07-02 07:36:08'),
('2c3754bda28601996250b4b7bbc2944d', '2020', 'Organisasi', '10', '', '2021-07-02 07:36:08'),
('4b946ce558c84041ff1b5975b37ffb60', '2020', 'Organisasi', '9', '', '2021-07-02 07:36:08'),
('44f831f358aaca5d951059c08c0966cf', '2020', 'Organisasi', '8', '', '2021-07-02 07:36:08'),
('dbabd564a7c3361d0325f553828c4124', '2020', 'Organisasi', '7', '', '2021-07-02 07:36:08'),
('a9276c7ed034f19c130e80dbaef20214', '2020', 'Organisasi', '6', '', '2021-07-02 07:36:08'),
('4055d7ef4c6558954e1cb5daca9eac8a', '2020', 'Organisasi', '5', '', '2021-07-02 07:36:08'),
('2126cbae4618b0f7e34de938d9984900', '2020', 'Organisasi', '4', '', '2021-07-02 07:36:08'),
('b1345223db305c222def1ebb2b6d9c22', '2020', 'Organisasi', '3', '', '2021-07-02 07:36:08'),
('f536d7ee57266097b48afff47bfce003', '2020', 'Organisasi', '2', '', '2021-07-02 07:36:08'),
('dbed64941ba9a94a95b4d6341009a100', '2020', 'Organisasi', '1', '', '2021-07-02 07:36:08'),
('acc0adf23fd68cf3e17eeb11da185b67', '2020', 'Humas dan Protokol', '12', '', '2021-07-02 07:36:08'),
('663dc1bc8f24aa3025fd53c359b38a05', '2020', 'Humas dan Protokol', '11', '', '2021-07-02 07:36:08'),
('115a4cc7cfc0911efe1b2266190782c2', '2020', 'Humas dan Protokol', '10', '', '2021-07-02 07:36:08'),
('7ed213e4a57bbab877df785f85415179', '2020', 'Humas dan Protokol', '9', '', '2021-07-02 07:36:08'),
('c0d35ec50f504f93e915d5643e0dee99', '2020', 'Humas dan Protokol', '8', '', '2021-07-02 07:36:08'),
('120a2137c054bce8447551558cb79ed5', '2020', 'Humas dan Protokol', '7', '', '2021-07-02 07:36:08'),
('dde99014fc9eadc4e4e09e35525c7131', '2020', 'Humas dan Protokol', '6', '', '2021-07-02 07:36:08'),
('8d9d3e6f572a70dfae85129d00d66b36', '2020', 'Humas dan Protokol', '5', '', '2021-07-02 07:36:08'),
('6b22f4bd529b1968943d9a368feea914', '2020', 'Humas dan Protokol', '4', '', '2021-07-02 07:36:08'),
('e9d86a9dd4098ca2d33f6351c1e74f7e', '2020', 'Humas dan Protokol', '3', '', '2021-07-02 07:36:08'),
('fa6fd770d7a5e034eeadf82d7f1c1175', '2020', 'Humas dan Protokol', '2', '', '2021-07-02 07:36:08'),
('6054e60085eee6aca93e25418143311d', '2020', 'Humas dan Protokol', '1', '', '2021-07-02 07:36:08'),
('f6727e46505cae60ed8ddd4ce7097bad', '2020', 'Hukum', '12', '', '2021-07-02 07:36:08'),
('a4f9c7310ef3a5b09fe08d1e7f879a36', '2020', 'Hukum', '11', '', '2021-07-02 07:36:08'),
('9dd83ae002f95cd05a88df4191bd60ca', '2020', 'Hukum', '10', '', '2021-07-02 07:36:08'),
('975e0837ae06c5c511f9716bfc41681f', '2020', 'Hukum', '9', '', '2021-07-02 07:36:08'),
('77ce64fe04d452d35341058f9fb7ddb2', '2020', 'Hukum', '8', '', '2021-07-02 07:36:08'),
('d21a16a6af62e1d98b35f1e9700fa959', '2020', 'Hukum', '7', '', '2021-07-02 07:36:08'),
('d58718e8b0b5362eb145a90ab8f47f90', '2020', 'Hukum', '6', '', '2021-07-02 07:36:08'),
('b77d67b4d53541e86f042b1a51d52ff7', '2020', 'Hukum', '5', '', '2021-07-02 07:36:08'),
('e9d6b797069a450fa6db5d405773933e', '2020', 'Hukum', '4', '', '2021-07-02 07:36:08'),
('048f5733652ce0e3423cb2478e5b22fa', '2020', 'Hukum', '3', '', '2021-07-02 07:36:08'),
('8f7f946575bda02edcf0f539fd58c76c', '2020', 'Hukum', '2', '', '2021-07-02 07:36:08'),
('835002034a1e0fc76d83dcecd6d4c88b', '2020', 'Hukum', '1', '', '2021-07-02 07:36:08'),
('400382583ea597552b30b38729759ef8', '2020', 'Ekonomi', '12', '', '2021-07-02 07:36:08'),
('d31ad3ed3faad8de35fca8465a1046e6', '2020', 'Ekonomi', '11', '', '2021-07-02 07:36:08'),
('b89a7dc14d4cba18215afd7dc7e9b46d', '2020', 'Ekonomi', '10', '', '2021-07-02 07:36:08'),
('d17d7e0b80d1c5cabfa865437a22cc27', '2020', 'Ekonomi', '9', '', '2021-07-02 07:36:08'),
('4aceb6b8d8618e31ab7778100d5ff79e', '2020', 'Ekonomi', '8', '', '2021-07-02 07:36:08'),
('aa2dd5163dafc318649bb402ee37b8a7', '2020', 'Ekonomi', '7', '', '2021-07-02 07:36:08'),
('88fdf756618cc4771a2cedc42f812050', '2020', 'Ekonomi', '6', '', '2021-07-02 07:36:08'),
('262464c5012372b2b9ed50b67f2cdcb3', '2020', 'Ekonomi', '5', '', '2021-07-02 07:36:08'),
('72d918c5a12def78251b2cab001f0b4d', '2020', 'Ekonomi', '4', '', '2021-07-02 07:36:08'),
('499bfe25919f12c7e24c3492dcfa6a6a', '2020', 'Ekonomi', '3', '', '2021-07-02 07:36:08'),
('94e3b2a762f717058e17720eedbe4b8f', '2020', 'Ekonomi', '2', '', '2021-07-02 07:36:08'),
('56b108cb3f4b1f89e9d52c50f22c3b4e', '2020', 'Ekonomi', '1', '', '2021-07-02 07:36:08'),
('b912eb9ecd0f33335c87bbd4e84ffcf6', '2020', 'Tata Usaha', '5', '', '2021-07-02 07:36:08'),
('9a2e248a2cdbf571e08a51b3ac3639dd', '2020', 'Tata Usaha', '6', '', '2021-07-02 07:36:08'),
('4d7ee30820cc4315c1f70cdc10f8c681', '2020', 'Tata Usaha', '7', '', '2021-07-02 07:36:08'),
('07ce8281f796307db33adfac50aa91b5', '2020', 'Tata Usaha', '8', '', '2021-07-02 07:36:08'),
('a56a5d1171beef40adc24af72349c370', '2020', 'Tata Usaha', '9', '', '2021-07-02 07:36:08'),
('11f86ea2e99e2ab46dc5cc799f95f208', '2020', 'Tata Usaha', '10', '', '2021-07-02 07:36:08'),
('d5c5c16119a630c4efbfaed04ef321ec', '2020', 'Tata Usaha', '11', '', '2021-07-02 07:36:08'),
('334f1fe38bbddd4240216ea0ee4c1b4a', '2020', 'Tata Usaha', '12', '', '2021-07-02 07:36:08'),
('afd22d6240ce2f43d2d40d24b61bd6c5', '2020', 'Umum', '1', '', '2021-07-02 07:36:08'),
('bd1f2ed4a8b87d249b6e019db021d150', '2020', 'Umum', '2', '', '2021-07-02 07:36:08'),
('a0c3985e16ded4f66a00527a13ba6990', '2020', 'Umum', '3', '', '2021-07-02 07:36:08'),
('082a568631b28ff0a9cb22e4f10b9aa2', '2020', 'Umum', '4', '', '2021-07-02 07:36:08'),
('cfc4e3e3bd48711f51707e203508036e', '2020', 'Umum', '5', '', '2021-07-02 07:36:08'),
('0ed6aab45dc19a1999285e8722336c27', '2020', 'Umum', '6', '', '2021-07-02 07:36:08'),
('28c4ec2c3000a150a40a5cc0f09c2758', '2020', 'Umum', '7', '', '2021-07-02 07:36:08'),
('bcee1887e62a668c01b5252c92023b1f', '2020', 'Umum', '8', '', '2021-07-02 07:36:08'),
('f38d11dae7d8e0ba5375da0bed20d003', '2020', 'Umum', '9', '', '2021-07-02 07:36:08'),
('a76564edbc64b80b8c3a25f7c26a00b6', '2020', 'Umum', '10', '', '2021-07-02 07:36:08'),
('5f626fb662f8629aa18d89dcbeb9c1c7', '2020', 'Umum', '11', '', '2021-07-02 07:36:08'),
('01dfd8a4b9b533a090397b31220429ab', '2020', 'Umum', '12', '', '2021-07-02 07:36:08'),
('b05519170c895833dd03f4e981243618', '2021', 'Hukum', '7', '', '2021-07-18 15:47:33'),
('ed14600b5bac29dcccf08af9703025bc', '2021', 'Hukum', '6', '', '2021-07-18 15:47:33'),
('10a45e8717a99913c9c26362378c4402', '2021', 'Hukum', '5', '', '2021-07-18 15:47:33'),
('1f24d47510b09b87ab303090f831483d', '2021', 'Hukum', '4', '', '2021-07-18 15:47:33'),
('435c49d9692ea1cd1c73b58facd4bf89', '2021', 'Hukum', '2', '', '2021-07-18 15:47:33'),
('55ea0e81b1d96521f50dfc03988f538a', '2021', 'Hukum', '3', '', '2021-07-18 15:47:33'),
('5a4e2c6c8fab50e4e971eaf37c15401c', '2021', 'Hukum', '1', '', '2021-07-18 15:47:33'),
('d20cf22a1890ef26a0447908605deda5', '2021', 'Ekonomi', '12', '', '2021-07-18 15:47:33'),
('9eefaeaa8a1073f9d2a2b4f41d911ae5', '2021', 'Ekonomi', '10', '', '2021-07-18 15:47:33'),
('99a7eaaf8f60775342e86271a3c0d1c0', '2021', 'Ekonomi', '11', '', '2021-07-18 15:47:33'),
('336f28115663343d5f13d9303092f9ec', '2021', 'Ekonomi', '8', '', '2021-07-18 15:47:33'),
('8b805bd4a7c6cbdc193d12f3c1a6b678', '2021', 'Ekonomi', '9', '', '2021-07-18 15:47:33'),
('c51a662623331dbf15510d74b5dfa5d6', '2021', 'Ekonomi', '5', '', '2021-07-18 15:47:33'),
('0e9bad917997d6ce7c4f76ff32a8f0b4', '2021', 'Ekonomi', '6', '10731200', '2021-07-18 15:47:33'),
('6327cdcb43e0a39448abec80ed86fe20', '2021', 'Ekonomi', '7', '', '2021-07-18 15:47:33'),
('4068eb43d48b04b192fa13f6c01d91e3', '2021', 'Ekonomi', '4', '8770000', '2021-07-18 15:47:33'),
('592ec7153cd4d83e8f31b1f35111c9bf', '2021', 'Ekonomi', '3', '', '2021-07-18 15:47:33'),
('e772aaae4bd07f6e1f66c7d2dd697736', '2021', 'Ekonomi', '2', '', '2021-07-18 15:47:33'),
('d82905d09064ebc1c2881548029c8743', '2021', 'Ekonomi', '1', '', '2021-07-18 15:47:33');

-- --------------------------------------------------------

--
-- Struktur dari tabel `lap_bag_tahun`
--

CREATE TABLE `lap_bag_tahun` (
  `kd` varchar(50) NOT NULL,
  `tahun` varchar(4) DEFAULT NULL,
  `bagian` varchar(100) DEFAULT NULL,
  `total` varchar(100) DEFAULT NULL,
  `postdate` datetime DEFAULT NULL
) ENGINE=MyISAM DEFAULT CHARSET=utf8mb4;

--
-- Dumping data untuk tabel `lap_bag_tahun`
--

INSERT INTO `lap_bag_tahun` (`kd`, `tahun`, `bagian`, `total`, `postdate`) VALUES
('882e31a8dd5612ef0303603a1c3faea8', '2017', 'Ekonomi', '', '2021-07-18 15:47:39'),
('6974909f63282da92162267b49df3b34', '2018', 'Ekonomi', '', '2021-07-18 15:47:39'),
('a1fade199025fafa3a4a6ce532252639', '2019', 'Ekonomi', '', '2021-07-18 15:47:39'),
('d683533d66f266d524cbf68d5df0ee9c', '2020', 'Ekonomi', '0', '2021-07-18 15:47:39'),
('e0613000bcd426e19c29ad052aa7ea49', '2021', 'Ekonomi', '19501200', '2021-07-18 15:47:39'),
('f90654f7011632c097f4bed609c869f7', '2017', 'Hukum', '', '2021-07-18 15:47:39'),
('fb56db5736e9e08a951803b8f72e9e6c', '2018', 'Hukum', '', '2021-07-18 15:47:39'),
('e604a531789bb8c3cfaceb0b2346fd77', '2019', 'Hukum', '', '2021-07-18 15:47:39'),
('e240f783de5c9ea54f362c8f65d6eb69', '2020', 'Hukum', '0', '2021-07-18 15:47:39'),
('cef86bd9ff0b73e7f5fc08c34b643a8b', '2021', 'Hukum', '0', '2021-07-18 15:47:39'),
('f2832b9c579edcd29fb081fb4dee0406', '2017', 'Humas dan Protokol', '', '2021-07-18 15:47:39'),
('fcc6ffa7317267fe729f6ab3d5152496', '2018', 'Humas dan Protokol', '', '2021-07-18 15:47:39'),
('354ceb6cd10471b67b540a1aa09fa7b3', '2019', 'Humas dan Protokol', '', '2021-07-18 15:47:39'),
('701df7b874ea6eae443cb81e9e069735', '2020', 'Humas dan Protokol', '0', '2021-07-18 15:47:39'),
('0f297ff03a203306384e8fcc694b6724', '2021', 'Humas dan Protokol', '0', '2021-07-18 15:47:39'),
('1e78e7323c18caa97a193cb00302ed8b', '2017', 'Organisasi', '', '2021-07-18 15:47:39'),
('ad7f941f991ad6ccd8d433fed457fb63', '2018', 'Organisasi', '', '2021-07-18 15:47:39'),
('98edc70f240d534b2f7c016ab67dfd66', '2019', 'Organisasi', '', '2021-07-18 15:47:39'),
('751f75ca64e39a7c3d47d79e27aa1e85', '2020', 'Organisasi', '0', '2021-07-18 15:47:39'),
('3171b3bc8d19c82f38fef8b518aef833', '2021', 'Organisasi', '0', '2021-07-18 15:47:39'),
('b05edd78c294dcf6d960190bf5bde635', '2017', 'Pemerintahan Umum', '', '2021-07-18 15:47:39'),
('75f83581dbe3440aea46539676d70efe', '2018', 'Pemerintahan Umum', '', '2021-07-18 15:47:39'),
('248f5ee32b694f3fb43eba685bd1dcaf', '2019', 'Pemerintahan Umum', '', '2021-07-18 15:47:39'),
('a478c2b6c235580960cbae4a4ca4745e', '2020', 'Pemerintahan Umum', '0', '2021-07-18 15:47:39'),
('883163b9c71c2b2576534baf44a5d0fe', '2021', 'Pemerintahan Umum', '0', '2021-07-18 15:47:39'),
('c3671e164e65eb26a22db5421e92c405', '2017', 'Sosial dan Ekonomi', '', '2021-07-18 15:47:39'),
('12ac72f445ced20780a7900df364608a', '2018', 'Sosial dan Ekonomi', '', '2021-07-18 15:47:39'),
('d986175af92548ba08646abb0014163a', '2019', 'Sosial dan Ekonomi', '', '2021-07-18 15:47:39'),
('4d974dad853e25462f34e31e39a0e626', '2020', 'Sosial dan Ekonomi', '0', '2021-07-18 15:47:39'),
('20cadab4a23d83d23b85d85e5bb3ede5', '2021', 'Sosial dan Ekonomi', '0', '2021-07-18 15:47:39'),
('4deb952153ce3744d3c724aed6c09830', '2017', 'Tata Usaha', '', '2021-07-18 15:47:39'),
('6ce77713a2f0322b851806e5cf96d139', '2018', 'Tata Usaha', '', '2021-07-18 15:47:39'),
('f84b89bcf33c161bdaa19c925928f74d', '2019', 'Tata Usaha', '', '2021-07-18 15:47:39'),
('03bff91714bd96b57066016531994c36', '2020', 'Tata Usaha', '0', '2021-07-18 15:47:39'),
('ca00770aee34a57705888f19d6e47d04', '2021', 'Tata Usaha', '0', '2021-07-18 15:47:39'),
('89bc58c331d7bad42203aecc7759c56f', '2017', 'Umum', '', '2021-07-18 15:47:39'),
('6145e68bda614971203985cec5982a6b', '2018', 'Umum', '', '2021-07-18 15:47:39'),
('980fa0783344cda361dc0ad7219b5bc7', '2019', 'Umum', '', '2021-07-18 15:47:39'),
('a00932afc9f4deb1507c4be9835fb12e', '2020', 'Umum', '0', '2021-07-18 15:47:39'),
('61513a489a7892fb7975b08a5303fd32', '2021', 'Umum', '0', '2021-07-18 15:47:39');

-- --------------------------------------------------------

--
-- Struktur dari tabel `lap_gol_bulan`
--

CREATE TABLE `lap_gol_bulan` (
  `kd` varchar(50) NOT NULL,
  `tahun` varchar(4) DEFAULT NULL,
  `gol` varchar(100) DEFAULT NULL,
  `bulan` varchar(2) DEFAULT NULL,
  `total` varchar(100) DEFAULT NULL,
  `postdate` datetime DEFAULT NULL
) ENGINE=MyISAM DEFAULT CHARSET=utf8mb4;

--
-- Dumping data untuk tabel `lap_gol_bulan`
--

INSERT INTO `lap_gol_bulan` (`kd`, `tahun`, `gol`, `bulan`, `total`, `postdate`) VALUES
('00f59640129f2861a9da316df032780f', '2021', 'WAWALI', '12', '', '2021-07-19 01:49:59'),
('f18ddbca6ac485541ba735df1f027826', '2021', 'WAWALI', '11', '', '2021-07-19 01:49:59'),
('3e5ec84094adc63d1ff53d2cc8d72b5d', '2021', 'WAWALI', '10', '', '2021-07-19 01:49:59'),
('934dcbb9054eabbabd9ef39d5ec5e434', '2021', 'WAWALI', '9', '', '2021-07-19 01:49:59'),
('a4e6a8db38fe22af03d5b6c994bdd4d8', '2021', 'WAWALI', '8', '', '2021-07-19 01:49:59'),
('f98a391edc4c2c6b40e696e5841d0373', '2021', 'WAWALI', '7', '', '2021-07-19 01:49:59'),
('36eda0413d0e163cfb2422507b920055', '2021', 'WAWALI', '6', '', '2021-07-19 01:49:59'),
('21caafca91ef72345ddc29c5f718e17c', '2021', 'WAWALI', '5', '', '2021-07-19 01:49:59'),
('694f4d069f43e8c15bcca5e08047feb9', '2021', 'WAWALI', '4', '', '2021-07-19 01:49:59'),
('5c24756ec3838f59891dbcdf86edf6f6', '2021', 'WAWALI', '3', '', '2021-07-19 01:49:59'),
('f2c8c54687ce7792c6f1d5e3a6afa726', '2021', 'WAWALI', '2', '', '2021-07-19 01:49:59'),
('2fe63270b287ef07a2ce6d3b7485fd53', '2021', 'WAWALI', '1', '', '2021-07-19 01:49:59'),
('39d52026dfa72d4bfc460fdef7686209', '2021', 'WALIKOTA', '12', '', '2021-07-19 01:49:59'),
('a940138de9d42040ed5cab08d483500f', '2021', 'WALIKOTA', '11', '', '2021-07-19 01:49:59'),
('52c12e2e2fade49f105ad607843177bb', '2021', 'WALIKOTA', '10', '', '2021-07-19 01:49:59'),
('718174e4deb8257f694cbed191ba408a', '2021', 'WALIKOTA', '9', '', '2021-07-19 01:49:59'),
('33496e8bb4248d76762e42bd6746361b', '2021', 'WALIKOTA', '8', '', '2021-07-19 01:49:59'),
('f243cc8d6dc441ecd3311938dc0b1606', '2021', 'WALIKOTA', '7', '', '2021-07-19 01:49:59'),
('79996e9a563887a1460987c01c868442', '2021', 'WALIKOTA', '6', '', '2021-07-19 01:49:59'),
('8d127e17fa9268e208895fdf6fa5c033', '2021', 'WALIKOTA', '5', '', '2021-07-19 01:49:59'),
('34142207b345a90bf9711aebbb229e41', '2021', 'WALIKOTA', '4', '', '2021-07-19 01:49:59'),
('fef2cb8ef313ac4b1664c5e9ad1149a2', '2021', 'WALIKOTA', '3', '', '2021-07-19 01:49:59'),
('dc4e69b3d3a26fa9540d5fd4f5e90f19', '2021', 'WALIKOTA', '2', '', '2021-07-19 01:49:59'),
('abbd3a0c9118b369f9afaf7e6cfb3efa', '2021', 'NON PNS', '12', '', '2021-07-19 01:49:59'),
('7bf63faa097a4c308c5d9ca70a139b0a', '2021', 'NON PNS', '11', '', '2021-07-19 01:49:59'),
('8996eae0c64321f7eee9c45aadff3f8c', '2021', 'NON PNS', '10', '', '2021-07-19 01:49:59'),
('ef1072bd30f3af55beae65826cd49cc9', '2021', 'NON PNS', '9', '', '2021-07-19 01:49:59'),
('78b7fcc4b6d7551292ae348204f93921', '2021', 'NON PNS', '8', '', '2021-07-19 01:49:59'),
('acfecc8e46d2c04a070cb54c73e586fb', '2021', 'NON PNS', '7', '', '2021-07-19 01:49:59'),
('b5c8689f65753ff97a642c48ed8d6ebf', '2021', 'NON PNS', '6', '', '2021-07-19 01:49:59'),
('9b1d9b55a9d0f7e545919419c71cdd88', '2021', 'NON PNS', '5', '', '2021-07-19 01:49:59'),
('bc2a45ab9609896e49f6887f8681f960', '2021', 'NON PNS', '4', '', '2021-07-19 01:49:59'),
('d8584d66cd1aad30b3705196038220ec', '2021', 'NON PNS', '3', '', '2021-07-19 01:49:59'),
('07152a3ef44fbf4d00dc7ca6a7ab87b2', '2021', 'NON PNS', '2', '', '2021-07-19 01:49:59'),
('f4289f4f61fa4f8a7af3e6253eb40f27', '2021', 'IVxgmringxE', '12', '', '2021-07-19 01:49:59'),
('a567c2143a4ecb15476d6931bd09ec0b', '2021', 'IVxgmringxE', '11', '', '2021-07-19 01:49:59'),
('b06536d6b78f9dcaf28d7c0958b053bd', '2021', 'IVxgmringxE', '10', '', '2021-07-19 01:49:59'),
('1f43e8fce81a05297ab5948fadf8e951', '2021', 'IVxgmringxE', '9', '', '2021-07-19 01:49:59'),
('d824b3bc0d9a40791ff5262ffd4795d6', '2021', 'IVxgmringxE', '8', '', '2021-07-19 01:49:59'),
('b1ef4f703a3fa81d5c737c62a06cb58f', '2021', 'IVxgmringxE', '7', '', '2021-07-19 01:49:59'),
('0530b83c75731508110737c33ceb5ec5', '2021', 'IVxgmringxE', '6', '', '2021-07-19 01:49:59'),
('612ad0c318ac9b0ce5e08f73a604175e', '2021', 'IVxgmringxE', '5', '', '2021-07-19 01:49:59'),
('12d982b6e0c0192f256cde93bb4ff79f', '2021', 'IVxgmringxE', '4', '', '2021-07-19 01:49:59'),
('bd30ceef95022d1a2beea9b29cb72d23', '2021', 'IVxgmringxE', '3', '', '2021-07-19 01:49:59'),
('af300076b84d0bcef0625a93026d08b4', '2021', 'IVxgmringxE', '2', '', '2021-07-19 01:49:59'),
('5e535ca279db0a99bcaee27dd2e12290', '2021', 'IVxgmringxD', '12', '', '2021-07-19 01:49:59'),
('f00063876a9e4fb5f4662dc9c6b63468', '2021', 'IVxgmringxD', '11', '', '2021-07-19 01:49:59'),
('d9b27e28f94418c98142c485990b14f3', '2021', 'IVxgmringxD', '10', '', '2021-07-19 01:49:59'),
('652bcdd1a702a8cc53944dae6a339587', '2021', 'IVxgmringxD', '9', '', '2021-07-19 01:49:59'),
('4be6b8de9fdd99e4f9919a6471180d68', '2021', 'IVxgmringxD', '8', '', '2021-07-19 01:49:59'),
('e9fc4e89a723e5c25b0a9d52b94de77d', '2021', 'IVxgmringxD', '7', '', '2021-07-19 01:49:59'),
('1e73bac24cbf6fbb81120e46cd6a679b', '2021', 'IVxgmringxD', '6', '', '2021-07-19 01:49:59'),
('1fe7b72d0f475c4c1080b7db9ebb5d14', '2021', 'IVxgmringxD', '5', '', '2021-07-19 01:49:59'),
('f89203ad8d3d1a67b46dbffd3cc20208', '2021', 'IVxgmringxD', '4', '', '2021-07-19 01:49:59'),
('3b50d76532a788200e750150e7d8eef9', '2021', 'IVxgmringxD', '3', '', '2021-07-19 01:49:59'),
('a27155f079b18e84b1417daaccd48484', '2021', 'IVxgmringxD', '2', '', '2021-07-19 01:49:59'),
('71d864b6b132a9235400af39917131b3', '2021', 'IVxgmringxC', '12', '', '2021-07-19 01:49:59'),
('758c3a06356f560099e3eeaeeba657cb', '2021', 'IVxgmringxC', '11', '', '2021-07-19 01:49:59'),
('1191180ee5477a8fbf03664ba61e6214', '2021', 'IVxgmringxC', '10', '', '2021-07-19 01:49:59'),
('95efd6a1721505c1c8ba215cdbc07819', '2021', 'IVxgmringxC', '9', '', '2021-07-19 01:49:59'),
('6790a472c75a1093c4023145ad97d177', '2021', 'IVxgmringxC', '8', '', '2021-07-19 01:49:59'),
('3d1e061970dd1266fb2d46b4692dc307', '2021', 'IVxgmringxC', '7', '', '2021-07-19 01:49:59'),
('b0ec9214cdc9c00cf4a3724d9b904de3', '2021', 'IVxgmringxC', '6', '', '2021-07-19 01:49:59'),
('7fc7acd415aa2944c15b54f5470c57e4', '2021', 'IVxgmringxC', '5', '', '2021-07-19 01:49:59'),
('37ddde37ccfea864aa90f074f8f85d16', '2021', 'IVxgmringxC', '4', '', '2021-07-19 01:49:59'),
('7de4f0e459b3940a0852c016feb8c827', '2021', 'IVxgmringxC', '3', '', '2021-07-19 01:49:59'),
('111d79bc08d63594cb6ffb286624d894', '2021', 'IVxgmringxC', '2', '', '2021-07-19 01:49:59'),
('22783de146e77a59faa4664ef13ba7a0', '2021', 'IVxgmringxB', '12', '', '2021-07-19 01:49:59'),
('0ec7fff33c1cf68803a1bbf3aab621eb', '2021', 'IVxgmringxB', '11', '', '2021-07-19 01:49:59'),
('cee05c20b194cbd67bf5085d36e2f845', '2021', 'IVxgmringxB', '10', '', '2021-07-19 01:49:59'),
('5da12d818bf53d6fde363c71cb1193ef', '2021', 'IVxgmringxB', '9', '', '2021-07-19 01:49:59'),
('e5e1caaa0523a135cc1ba4ee5604ff2a', '2021', 'IVxgmringxB', '8', '', '2021-07-19 01:49:59'),
('512b1278fa7e6e166293c1eb598d241a', '2021', 'IVxgmringxB', '7', '', '2021-07-19 01:49:59'),
('42546810e057e7fd161df637ef7748bd', '2021', 'IVxgmringxB', '6', '', '2021-07-19 01:49:59'),
('ccdd2a4ed84db60d72d5137b98ae295d', '2021', 'IVxgmringxB', '5', '', '2021-07-19 01:49:59'),
('c62e72ac7952d88df078b0becdc34db9', '2021', 'IVxgmringxB', '4', '', '2021-07-19 01:49:59'),
('48846a0ad649712d758e9a060371170e', '2021', 'IVxgmringxB', '3', '', '2021-07-19 01:49:59'),
('66187a1abe04a383afbcdd429a699521', '2021', 'IVxgmringxB', '2', '', '2021-07-19 01:49:59'),
('3bf5f602afac07644e8128975822ef15', '2021', 'IVxgmringxA', '12', '', '2021-07-19 01:49:59'),
('5bf8fbe76930e6ac1921df5b1d922b17', '2021', 'IVxgmringxA', '11', '', '2021-07-19 01:49:59'),
('8cf8a599bf494190e4f7201d7f6464e3', '2021', 'IVxgmringxA', '10', '', '2021-07-19 01:49:59'),
('fff0aefe7d1268a681da4d71940fb853', '2021', 'IVxgmringxA', '9', '', '2021-07-19 01:49:59'),
('f8d9d24b35622e33f035de6ed22b081f', '2021', 'IVxgmringxA', '8', '', '2021-07-19 01:49:59'),
('7b3cf18746105a1541a2ecd062696248', '2021', 'IVxgmringxA', '7', '', '2021-07-19 01:49:59'),
('085c119cb13144520fbd427e67975438', '2021', 'IVxgmringxA', '6', '', '2021-07-19 01:49:59'),
('fba0c0444c0aa0bdc0a9590fe0259c09', '2021', 'IVxgmringxA', '5', '', '2021-07-19 01:49:59'),
('9efa2d1c6fec8469bacde1d08e042fa4', '2021', 'IIIxgmringxD', '11', '', '2021-07-19 01:49:59'),
('b5d6f714000140e86b3aa676dae95f7d', '2021', 'IIIxgmringxD', '12', '', '2021-07-19 01:49:59'),
('017be4b7013d81547408fa0e5535b998', '2021', 'IVxgmringxA', '2', '', '2021-07-19 01:49:59'),
('cd697d4b064116090a5faa002b3f6d60', '2021', 'IVxgmringxA', '3', '', '2021-07-19 01:49:59'),
('07e55a3c95c5d9fe02c661956618178e', '2021', 'IVxgmringxA', '4', '', '2021-07-19 01:49:59'),
('6af3033048903860308fe9cacda79262', '2021', 'IIIxgmringxD', '10', '', '2021-07-19 01:49:59'),
('0f2ab9f207d8591bac79349f116b63d5', '2021', 'IIIxgmringxD', '9', '', '2021-07-19 01:49:59'),
('031fe9536938f9dee50363ebe55e3491', '2021', 'IIIxgmringxD', '8', '', '2021-07-19 01:49:59'),
('c8123daff3121fb77f63d7486932a945', '2021', 'IIIxgmringxD', '7', '', '2021-07-19 01:49:59'),
('ffdcdae867003c460bf7a260a21dd7ac', '2021', 'IIIxgmringxD', '6', '', '2021-07-19 01:49:59'),
('4448c6f856e01808c045a1fb7f84a74c', '2021', 'IIIxgmringxD', '5', '', '2021-07-19 01:49:59'),
('b97064c44866ea72ef1d57ac4bf452bc', '2021', 'IIIxgmringxD', '4', '', '2021-07-19 01:49:59'),
('53f5b4d12fe02d0cfdd4f93eca4f75ff', '2021', 'IIIxgmringxD', '3', '', '2021-07-19 01:49:59'),
('f786d3392f99a11333da3ca416af2479', '2021', 'IIIxgmringxC', '11', '', '2021-07-19 01:49:59'),
('7c391e54d66693e4d30f084d1ec0a97f', '2021', 'IIIxgmringxC', '12', '', '2021-07-19 01:49:59'),
('8b7f63d1db1d308d6d3f6d57c7297cc6', '2021', 'IIIxgmringxD', '2', '', '2021-07-19 01:49:59'),
('6f17521d8bcd1473364721cba04fc7d4', '2021', 'IIIxgmringxC', '10', '', '2021-07-19 01:49:59'),
('03d8d24c29d3bbdd4fa4cc94c38905ef', '2021', 'IIIxgmringxC', '9', '', '2021-07-19 01:49:59'),
('64d276323e7f5c14e95c813ca1e58684', '2021', 'IIIxgmringxC', '8', '', '2021-07-19 01:49:59'),
('8042018778573e1777cf0b8536336435', '2021', 'IIIxgmringxC', '7', '', '2021-07-19 01:49:59'),
('2ee3ff731c292d7954da113615e44d54', '2021', 'IIIxgmringxC', '6', '', '2021-07-19 01:49:59'),
('3548673c984097b483d6b5ce57e9be66', '2021', 'IIIxgmringxC', '5', '', '2021-07-19 01:49:59'),
('7fb7293329b0b6dae3cf9e4bd1f2c290', '2021', 'IIIxgmringxC', '4', '', '2021-07-19 01:49:59'),
('1ca7099474f5ef11ba14483d28ec5f4a', '2021', 'IIIxgmringxC', '3', '', '2021-07-19 01:49:59'),
('02dbb42d6ca73cdae466aab99b3fc1fa', '2021', 'IIIxgmringxB', '10', '', '2021-07-19 01:49:59'),
('408efa64d22e60e884a957653251773a', '2021', 'IIIxgmringxB', '11', '', '2021-07-19 01:49:59'),
('e64d0e19c6b126cc746264eefd21425d', '2021', 'IIIxgmringxB', '12', '', '2021-07-19 01:49:59'),
('977dc26e09965d98b1b1aa9684dc8210', '2021', 'IIIxgmringxC', '2', '', '2021-07-19 01:49:59'),
('c31ba4698dc93c90d2d189a0f089e10a', '2021', 'IIIxgmringxB', '9', '', '2021-07-19 01:49:59'),
('6e1f04a7d729a836efb03387833117d1', '2021', 'IIIxgmringxB', '8', '', '2021-07-19 01:49:59'),
('c943e0fceb66a4a84885656eb15d4f02', '2021', 'IIIxgmringxB', '7', '', '2021-07-19 01:49:59'),
('8c5792091b5701c7e4d511de2a3d8a2c', '2021', 'IIIxgmringxB', '6', '', '2021-07-19 01:49:59'),
('22a5f9f93db47ce46dc097e5bfa4cccb', '2021', 'IIIxgmringxB', '5', '', '2021-07-19 01:49:59'),
('309a103de3c508c474460f400eb49aea', '2021', 'IIIxgmringxB', '4', '', '2021-07-19 01:49:59'),
('a5b5fba93d5dc2a4b020568611ce0903', '2021', 'IIIxgmringxB', '3', '', '2021-07-19 01:49:59'),
('0c881d23bf3b6c0ceb9ea8870209b2b8', '2021', 'IIIxgmringxB', '2', '', '2021-07-19 01:49:59'),
('41bfb4cfde9d03e44a3b328ca2467701', '2021', 'IIIxgmringxA', '9', '', '2021-07-19 01:49:59'),
('5e1593df78c7f52040f0ffc355674047', '2021', 'IIIxgmringxA', '10', '', '2021-07-19 01:49:59'),
('49d428a68f013c8aef18c335f8841d67', '2021', 'IIIxgmringxA', '11', '', '2021-07-19 01:49:59'),
('2b3fbc8a7f37d96055a8ae00c90ab3d0', '2021', 'IIIxgmringxA', '12', '', '2021-07-19 01:49:59'),
('cfc8f2ddb99ee4b049e408cf7862614e', '2021', 'IIIxgmringxB', '1', '', '2021-07-19 01:49:59'),
('40edb89dc051fae5421ab9cea8e1e24a', '2021', 'IIIxgmringxA', '8', '', '2021-07-19 01:49:59'),
('bee3ded40341329277b29276eaeac2de', '2021', 'IIIxgmringxA', '7', '', '2021-07-19 01:49:59'),
('40e2e8246ecbc6dfd63407292a2e31b0', '2021', 'IIIxgmringxA', '6', '', '2021-07-19 01:49:59'),
('e47f7ada4fad1a73c2da6e2f175bdb75', '2021', 'IIIxgmringxA', '5', '', '2021-07-19 01:49:59'),
('c9776883d9660a3b6488fc60e63f6ae4', '2021', 'IIIxgmringxA', '4', '', '2021-07-19 01:49:59'),
('f241dbbbee0f05a86ba3dd1dae8de8e6', '2021', 'IIIxgmringxA', '3', '', '2021-07-19 01:49:59'),
('361252a0370ee9b8ce966d2c06ca5f1d', '2021', 'IIIxgmringxA', '2', '', '2021-07-19 01:49:59'),
('802391e4d31fb7167cfa4f019ac8445d', '2021', 'IIIxgmringxA', '1', '', '2021-07-19 01:49:59'),
('756e36ed18286b72a3a57ac66602f7f1', '2021', 'IIxgmringxD', '12', '', '2021-07-19 01:49:59'),
('1c237520334595cd19e4ebfaff152fe6', '2021', 'IIxgmringxD', '11', '', '2021-07-19 01:49:59'),
('98b7ca52fbe37f9178acaae6c3028e64', '2021', 'IIxgmringxD', '10', '', '2021-07-19 01:49:59'),
('6b292f11876e8bf06746873c1d1fac9f', '2021', 'IIxgmringxD', '9', '', '2021-07-19 01:49:59'),
('07e90932b551b5c8cb25b571d34259a9', '2021', 'IIxgmringxD', '8', '', '2021-07-19 01:49:59'),
('7384fde722ff0a2d2a1b365ac7a7d6b6', '2021', 'IIxgmringxD', '7', '', '2021-07-19 01:49:59'),
('b76276216b4b4aa8bc5f8cb845819433', '2021', 'IIxgmringxD', '6', '', '2021-07-19 01:49:59'),
('b412544fa156661fbf2794bd97c2977c', '2021', 'IIxgmringxD', '5', '', '2021-07-19 01:49:59'),
('9ee4fbdff8524bc085b8ae5997c71ab6', '2021', 'IIxgmringxD', '4', '', '2021-07-19 01:49:59'),
('7a9b6eaacb9f0b899d9aeb85755ed0b5', '2021', 'IIxgmringxD', '3', '', '2021-07-19 01:49:59'),
('5decdb2341b4bd318a29290a5a535a6a', '2021', 'IIxgmringxD', '2', '', '2021-07-19 01:49:59'),
('e31538f00546e92318c1f67821507635', '2021', 'IIxgmringxD', '1', '', '2021-07-19 01:49:59'),
('4a948f675b373004ea2f28c18849b08d', '2021', 'IIxgmringxC', '12', '', '2021-07-19 01:49:59'),
('6506cc5c17f7f2c709005135e960b840', '2021', 'IIxgmringxC', '11', '', '2021-07-19 01:49:59'),
('24799d5af6d7bbe765cd4a56e2663473', '2021', 'IIxgmringxC', '10', '', '2021-07-19 01:49:59'),
('dbb24d8f5cbebf85a493f2b78a397729', '2021', 'IIxgmringxC', '9', '', '2021-07-19 01:49:59'),
('0fa854c61e4f78a1d218cb9d637d32e8', '2021', 'IIxgmringxC', '8', '', '2021-07-19 01:49:59'),
('03e760d440ebe316708c61f2858d6875', '2021', 'IIxgmringxC', '7', '', '2021-07-19 01:49:59'),
('80ef8038d8580d5c722a9a4394ce72f3', '2021', 'IIxgmringxC', '6', '', '2021-07-19 01:49:59'),
('e5cf920230ba75387e10245d47a7ef1e', '2021', 'IIxgmringxC', '5', '', '2021-07-19 01:49:59'),
('c874b2ed8df0deb7a9269cd6a7895966', '2021', 'IIxgmringxC', '4', '', '2021-07-19 01:49:59'),
('e515ab6ded83dc08394f3e75ae55e0db', '2021', 'IIxgmringxC', '3', '', '2021-07-19 01:49:59'),
('ecb3fe503f96ed830bf2707f2844437c', '2021', 'IIxgmringxC', '2', '', '2021-07-19 01:49:59'),
('c5b5e323492f50dc2549c78e2692ead5', '2021', 'IIxgmringxC', '1', '', '2021-07-19 01:49:59'),
('49358287c7d4928af0942e0e83f27c0d', '2021', 'IIxgmringxB', '12', '', '2021-07-19 01:49:59'),
('96d4af05dae2daed815bed838b37eb51', '2021', 'IIxgmringxB', '11', '', '2021-07-19 01:49:59'),
('f0bf65a605993d70ac31f98061313144', '2021', 'IIxgmringxB', '10', '', '2021-07-19 01:49:59'),
('1ca27133eff2b9f5cfb0199fd5507dd9', '2021', 'IIxgmringxB', '9', '', '2021-07-19 01:49:59'),
('f8ce3617cfed168ad284469a694894bd', '2021', 'IIxgmringxB', '8', '', '2021-07-19 01:49:59'),
('3d775fa3924910a2709f955806cf872d', '2021', 'IIxgmringxB', '7', '', '2021-07-19 01:49:59'),
('db9c8f25316a8e8160a014fdc8ef6408', '2021', 'IIxgmringxB', '6', '', '2021-07-19 01:49:59'),
('ab1ca5c12c2774cf44b434226e981082', '2021', 'IIxgmringxB', '5', '', '2021-07-19 01:49:59'),
('944fbd6c03702421191145f76302542f', '2021', 'IIxgmringxB', '4', '', '2021-07-19 01:49:59'),
('0b512404b0411e623f64ec8981f8ae21', '2021', 'IIxgmringxB', '3', '', '2021-07-19 01:49:59'),
('4e7a139ffdef57a1a32994044d48405c', '2021', 'IIxgmringxB', '2', '', '2021-07-19 01:49:59'),
('ebe2fae88ca51acbb4109510d63741d3', '2021', 'IIxgmringxB', '1', '', '2021-07-19 01:49:59'),
('b8728ef2c4fc9ee7491e1fe24fcf8aff', '2021', 'IIxgmringxA', '12', '', '2021-07-19 01:49:59'),
('04fba6ec61e9a27dcdeb0d85b68293ad', '2021', 'IIxgmringxA', '11', '', '2021-07-19 01:49:59'),
('a2e0cb0f41526175456ae3cc800a179a', '2021', 'IIxgmringxA', '10', '', '2021-07-19 01:49:59'),
('05e613ba6aba635574abc6a13ad372cc', '2021', 'IIxgmringxA', '9', '', '2021-07-19 01:49:59'),
('865375e012baa533a2922ee3f48659b4', '2021', 'IIxgmringxA', '8', '', '2021-07-19 01:49:59'),
('b7db9d31e6f8538e6e91677228355f76', '2021', 'IIxgmringxA', '7', '', '2021-07-19 01:49:59'),
('8cf81a517605f1838c9ac65b2be20d37', '2021', 'IIxgmringxA', '6', '', '2021-07-19 01:49:59'),
('6e0380dcff35db89b9a6203d4f6676fb', '2021', 'IIxgmringxA', '5', '', '2021-07-19 01:49:59'),
('76c8a5bf0f3faae0274ef86e30e44e8b', '2021', 'IIxgmringxA', '4', '', '2021-07-19 01:49:59'),
('f6d06aec4fb72a04f9cd4020bef5e10f', '2021', 'IIxgmringxA', '3', '', '2021-07-19 01:49:59'),
('ec2b716d5dc4bd0166323acf86eceabf', '2021', 'IIxgmringxA', '2', '', '2021-07-19 01:49:59'),
('1c83f84d3ba7aa7147878f6a2054b976', '2021', 'IIxgmringxA', '1', '', '2021-07-19 01:49:59'),
('e6065404c6a75eb615c2a859e08b8e10', '2021', 'IxgmringxD', '12', '', '2021-07-19 01:49:59'),
('560c476344a53044957e47d0c7abfcaf', '2021', 'IxgmringxD', '11', '', '2021-07-19 01:49:59'),
('3bc10ec95dae8e44b304557e5a3f45c6', '2021', 'IxgmringxD', '10', '', '2021-07-19 01:49:59'),
('8961ddc12910214a410632d23b60d658', '2021', 'IxgmringxD', '9', '', '2021-07-19 01:49:59'),
('3de1df37e5f9bb22d1a8fa12a267900a', '2021', 'IxgmringxD', '8', '', '2021-07-19 01:49:59'),
('31ac24a3fe63a2a2021b6450cf27e2fb', '2021', 'IxgmringxD', '7', '', '2021-07-19 01:49:59'),
('60e9e969d47183ae1cd0a9579f828054', '2021', 'IxgmringxD', '6', '', '2021-07-19 01:49:59'),
('4fca37194411b8aa91254b2aa191bfc7', '2021', 'IxgmringxD', '5', '', '2021-07-19 01:49:59'),
('9e1ea7b41d62360ac369ee0bcbcd1678', '2021', 'IxgmringxD', '4', '', '2021-07-19 01:49:59'),
('19d329403f02e2da265cfc05d41fd253', '2021', 'IxgmringxD', '3', '', '2021-07-19 01:49:59'),
('978e9ee25edea456a6fefceded18b42f', '2021', 'IxgmringxD', '2', '', '2021-07-19 01:49:59'),
('33acd7a2a52067fb48ecf948c6037e41', '2021', 'IxgmringxD', '1', '', '2021-07-19 01:49:59'),
('e48e376142d8cf4cb801140ed087c2e0', '2021', 'IxgmringxC', '12', '', '2021-07-19 01:49:59'),
('abf54f61a14194648222d3918da54238', '2021', 'IxgmringxC', '11', '', '2021-07-19 01:49:59'),
('fd76f91c112572235cc7512320b1915f', '2021', 'IxgmringxC', '10', '', '2021-07-19 01:49:59'),
('8a08a8763a6dc62ea5bd121d57bbf757', '2021', 'IxgmringxC', '9', '', '2021-07-19 01:49:59'),
('554645eb53158c44bbdfb7a5ff77a223', '2021', 'IxgmringxC', '8', '', '2021-07-19 01:49:59'),
('2722f07434eecbd0ed65387922cb8d6f', '2021', 'IxgmringxC', '7', '', '2021-07-19 01:49:59'),
('1cfe88b631d8aadd96d5cb1a44e23d5e', '2021', 'IxgmringxC', '6', '', '2021-07-19 01:49:59'),
('95523bfcfd50bae5b3cabd328bcdde6d', '2021', 'IxgmringxC', '5', '', '2021-07-19 01:49:59'),
('109d981eb38a8d5c58ea31052f257de7', '2021', 'IxgmringxC', '4', '', '2021-07-19 01:49:59'),
('41ddbbced55669818b2a40f4fed46f56', '2021', 'IxgmringxC', '3', '', '2021-07-19 01:49:59'),
('d5f74fdcf6f9bd1e81901fa5a4fc6508', '2021', 'IxgmringxC', '2', '', '2021-07-19 01:49:59'),
('5c5e400e89d5434cbb64f485fb7e1197', '2021', 'IxgmringxC', '1', '', '2021-07-19 01:49:59'),
('c0224a986cba335407ce4535149f9441', '2021', 'IxgmringxB', '12', '', '2021-07-19 01:49:59'),
('c797eac1db03c051b64778afd7f430e7', '2021', 'IxgmringxB', '11', '', '2021-07-19 01:49:59'),
('98312ce7f60659d5760270fd50d833f6', '2021', 'IxgmringxB', '10', '', '2021-07-19 01:49:59'),
('aec5046c099a70be6a917e4f8d464ca8', '2021', 'IxgmringxB', '9', '', '2021-07-19 01:49:59'),
('890b28053d8b32f859705f01211873ec', '2021', 'IxgmringxB', '8', '', '2021-07-19 01:49:59'),
('b05519170c895833dd03f4e981243618', '2021', 'IxgmringxB', '7', '', '2021-07-19 01:49:59'),
('ed14600b5bac29dcccf08af9703025bc', '2021', 'IxgmringxB', '6', '', '2021-07-19 01:49:59'),
('10a45e8717a99913c9c26362378c4402', '2021', 'IxgmringxB', '5', '', '2021-07-19 01:49:59'),
('1f24d47510b09b87ab303090f831483d', '2021', 'IxgmringxB', '4', '', '2021-07-19 01:49:59'),
('55ea0e81b1d96521f50dfc03988f538a', '2021', 'IxgmringxB', '3', '', '2021-07-19 01:49:59'),
('435c49d9692ea1cd1c73b58facd4bf89', '2021', 'IxgmringxB', '2', '', '2021-07-19 01:49:59'),
('5a4e2c6c8fab50e4e971eaf37c15401c', '2021', 'IxgmringxB', '1', '', '2021-07-19 01:49:59'),
('d20cf22a1890ef26a0447908605deda5', '2021', 'IxgmringxA', '12', '', '2021-07-19 01:49:59'),
('99a7eaaf8f60775342e86271a3c0d1c0', '2021', 'IxgmringxA', '11', '', '2021-07-19 01:49:59'),
('9eefaeaa8a1073f9d2a2b4f41d911ae5', '2021', 'IxgmringxA', '10', '', '2021-07-19 01:49:59'),
('8b805bd4a7c6cbdc193d12f3c1a6b678', '2021', 'IxgmringxA', '9', '', '2021-07-19 01:49:59'),
('6327cdcb43e0a39448abec80ed86fe20', '2021', 'IxgmringxA', '7', '', '2021-07-19 01:49:59'),
('336f28115663343d5f13d9303092f9ec', '2021', 'IxgmringxA', '8', '', '2021-07-19 01:49:59'),
('0e9bad917997d6ce7c4f76ff32a8f0b4', '2021', 'IxgmringxA', '6', '14531200', '2021-07-19 01:49:59'),
('c51a662623331dbf15510d74b5dfa5d6', '2021', 'IxgmringxA', '5', '', '2021-07-19 01:49:59'),
('4068eb43d48b04b192fa13f6c01d91e3', '2021', 'IxgmringxA', '4', '12245000', '2021-07-19 01:49:59'),
('592ec7153cd4d83e8f31b1f35111c9bf', '2021', 'IxgmringxA', '3', '', '2021-07-19 01:49:59'),
('d82905d09064ebc1c2881548029c8743', '2021', 'IxgmringxA', '1', '', '2021-07-19 01:49:59'),
('e772aaae4bd07f6e1f66c7d2dd697736', '2021', 'IxgmringxA', '2', '', '2021-07-19 01:49:59');

-- --------------------------------------------------------

--
-- Struktur dari tabel `lap_gol_tahun`
--

CREATE TABLE `lap_gol_tahun` (
  `kd` varchar(50) NOT NULL,
  `tahun` varchar(4) DEFAULT NULL,
  `gol` varchar(100) DEFAULT NULL,
  `total` varchar(100) DEFAULT NULL,
  `postdate` datetime DEFAULT NULL
) ENGINE=MyISAM DEFAULT CHARSET=utf8mb4;

--
-- Dumping data untuk tabel `lap_gol_tahun`
--

INSERT INTO `lap_gol_tahun` (`kd`, `tahun`, `gol`, `total`, `postdate`) VALUES
('882e31a8dd5612ef0303603a1c3faea8', '2017', 'IxgmringxA', '', '2021-07-18 16:02:38'),
('6974909f63282da92162267b49df3b34', '2018', 'IxgmringxA', '', '2021-07-18 16:02:38'),
('a1fade199025fafa3a4a6ce532252639', '2019', 'IxgmringxA', '', '2021-07-18 16:02:38'),
('d683533d66f266d524cbf68d5df0ee9c', '2020', 'IxgmringxA', '', '2021-07-18 16:02:38'),
('e0613000bcd426e19c29ad052aa7ea49', '2021', 'IxgmringxA', '26776200', '2021-07-18 16:02:38'),
('f90654f7011632c097f4bed609c869f7', '2017', 'IxgmringxB', '', '2021-07-18 16:02:38'),
('fb56db5736e9e08a951803b8f72e9e6c', '2018', 'IxgmringxB', '', '2021-07-18 16:02:38'),
('e604a531789bb8c3cfaceb0b2346fd77', '2019', 'IxgmringxB', '', '2021-07-18 16:02:38'),
('e240f783de5c9ea54f362c8f65d6eb69', '2020', 'IxgmringxB', '', '2021-07-18 16:02:38'),
('cef86bd9ff0b73e7f5fc08c34b643a8b', '2021', 'IxgmringxB', '0', '2021-07-18 16:02:38'),
('f2832b9c579edcd29fb081fb4dee0406', '2017', 'IxgmringxC', '', '2021-07-18 16:02:38'),
('fcc6ffa7317267fe729f6ab3d5152496', '2018', 'IxgmringxC', '', '2021-07-18 16:02:38'),
('354ceb6cd10471b67b540a1aa09fa7b3', '2019', 'IxgmringxC', '', '2021-07-18 16:02:38'),
('701df7b874ea6eae443cb81e9e069735', '2020', 'IxgmringxC', '', '2021-07-18 16:02:38'),
('0f297ff03a203306384e8fcc694b6724', '2021', 'IxgmringxC', '0', '2021-07-18 16:02:38'),
('1e78e7323c18caa97a193cb00302ed8b', '2017', 'IxgmringxD', '', '2021-07-18 16:02:38'),
('ad7f941f991ad6ccd8d433fed457fb63', '2018', 'IxgmringxD', '', '2021-07-18 16:02:38'),
('98edc70f240d534b2f7c016ab67dfd66', '2019', 'IxgmringxD', '', '2021-07-18 16:02:38'),
('751f75ca64e39a7c3d47d79e27aa1e85', '2020', 'IxgmringxD', '', '2021-07-18 16:02:38'),
('3171b3bc8d19c82f38fef8b518aef833', '2021', 'IxgmringxD', '0', '2021-07-18 16:02:38'),
('b05edd78c294dcf6d960190bf5bde635', '2017', 'IIxgmringxA', '', '2021-07-18 16:02:38'),
('75f83581dbe3440aea46539676d70efe', '2018', 'IIxgmringxA', '', '2021-07-18 16:02:38'),
('248f5ee32b694f3fb43eba685bd1dcaf', '2019', 'IIxgmringxA', '', '2021-07-18 16:02:38'),
('a478c2b6c235580960cbae4a4ca4745e', '2020', 'IIxgmringxA', '', '2021-07-18 16:02:38'),
('883163b9c71c2b2576534baf44a5d0fe', '2021', 'IIxgmringxA', '0', '2021-07-18 16:02:38'),
('c3671e164e65eb26a22db5421e92c405', '2017', 'IIxgmringxB', '', '2021-07-18 16:02:38'),
('12ac72f445ced20780a7900df364608a', '2018', 'IIxgmringxB', '', '2021-07-18 16:02:38'),
('d986175af92548ba08646abb0014163a', '2019', 'IIxgmringxB', '', '2021-07-18 16:02:38'),
('4d974dad853e25462f34e31e39a0e626', '2020', 'IIxgmringxB', '', '2021-07-18 16:02:38'),
('20cadab4a23d83d23b85d85e5bb3ede5', '2021', 'IIxgmringxB', '0', '2021-07-18 16:02:38'),
('4deb952153ce3744d3c724aed6c09830', '2017', 'IIxgmringxC', '', '2021-07-18 16:02:38'),
('6ce77713a2f0322b851806e5cf96d139', '2018', 'IIxgmringxC', '', '2021-07-18 16:02:38'),
('f84b89bcf33c161bdaa19c925928f74d', '2019', 'IIxgmringxC', '', '2021-07-18 16:02:38'),
('03bff91714bd96b57066016531994c36', '2020', 'IIxgmringxC', '', '2021-07-18 16:02:38'),
('ca00770aee34a57705888f19d6e47d04', '2021', 'IIxgmringxC', '0', '2021-07-18 16:02:38'),
('89bc58c331d7bad42203aecc7759c56f', '2017', 'IIxgmringxD', '', '2021-07-18 16:02:38'),
('6145e68bda614971203985cec5982a6b', '2018', 'IIxgmringxD', '', '2021-07-18 16:02:38'),
('980fa0783344cda361dc0ad7219b5bc7', '2019', 'IIxgmringxD', '', '2021-07-18 16:02:38'),
('a00932afc9f4deb1507c4be9835fb12e', '2020', 'IIxgmringxD', '', '2021-07-18 16:02:38'),
('61513a489a7892fb7975b08a5303fd32', '2021', 'IIxgmringxD', '0', '2021-07-18 16:02:38'),
('cb955adc83940992b9fdc8e5eabc9b80', '2017', 'IIIxgmringxA', '', '2021-07-18 16:02:38'),
('dc384cb3d4d6be360e0bb8052e569358', '2018', 'IIIxgmringxA', '', '2021-07-18 16:02:38'),
('78bfc4fdafe38bbdb63f9afa4813e26b', '2019', 'IIIxgmringxA', '', '2021-07-18 16:02:38'),
('dc13157dad018bcdd3f6763b4331329c', '2020', 'IIIxgmringxA', '', '2021-07-18 16:02:38'),
('b09e9b8f288432a0628bf7a6f1b8ed42', '2021', 'IIIxgmringxA', '0', '2021-07-18 16:02:38'),
('c5242b7f3a54328ad2c77568ce5ac4b9', '2017', 'IIIxgmringxB', '', '2021-07-18 16:02:38'),
('c6ab182968072aadedd649bc6e97c666', '2018', 'IIIxgmringxB', '', '2021-07-18 16:02:38'),
('f609f10ead30b21f9cb7c85c24769929', '2019', 'IIIxgmringxB', '', '2021-07-18 16:02:38'),
('addf1c1e90d29e3e9359c2cdc51c3448', '2020', 'IIIxgmringxB', '', '2021-07-18 16:02:38'),
('df724c7e8c01d02b07552016af0b9029', '2021', 'IIIxgmringxB', '0', '2021-07-18 16:02:38'),
('a2a0a31f2194ab46c3161880ee01b987', '2017', 'IIIxgmringxC', '', '2021-07-18 16:02:38'),
('e0db40f3e98422c5dcc5824c4b1cb5fc', '2018', 'IIIxgmringxC', '', '2021-07-18 16:02:38'),
('071568d34fe67f753ce8ad5fccf10eb4', '2019', 'IIIxgmringxC', '', '2021-07-18 16:02:38'),
('56b108cb3f4b1f89e9d52c50f22c3b4e', '2020', 'IIIxgmringxC', '', '2021-07-18 16:02:38'),
('d82905d09064ebc1c2881548029c8743', '2021', 'IIIxgmringxC', '0', '2021-07-18 16:02:38'),
('54934727d8e7caf7bd13f55bd503d3bf', '2017', 'IIIxgmringxD', '', '2021-07-18 16:02:38'),
('927406bdc77d34b43b64bb70849686f4', '2018', 'IIIxgmringxD', '', '2021-07-18 16:02:38'),
('798d5fc251d2eeab4b76c59524f471af', '2019', 'IIIxgmringxD', '', '2021-07-18 16:02:38'),
('835002034a1e0fc76d83dcecd6d4c88b', '2020', 'IIIxgmringxD', '', '2021-07-18 16:02:38'),
('5a4e2c6c8fab50e4e971eaf37c15401c', '2021', 'IIIxgmringxD', '0', '2021-07-18 16:02:38'),
('3283fa71cdb234299df4420256da88bc', '2017', 'IVxgmringxA', '', '2021-07-18 16:02:38'),
('932e6fe70fe993b61bef4cd613c8bb5c', '2018', 'IVxgmringxA', '', '2021-07-18 16:02:38'),
('9b698dae4d5c3a92d9538fde83834cff', '2019', 'IVxgmringxA', '', '2021-07-18 16:02:38'),
('6054e60085eee6aca93e25418143311d', '2020', 'IVxgmringxA', '', '2021-07-18 16:02:38'),
('5c5e400e89d5434cbb64f485fb7e1197', '2021', 'IVxgmringxA', '0', '2021-07-18 16:02:38'),
('283d0fa745e8185de520a416c9a7df6b', '2017', 'IVxgmringxB', '', '2021-07-18 16:02:38'),
('f371549aee8acc78cffa0ea5410f2952', '2018', 'IVxgmringxB', '', '2021-07-18 16:02:38'),
('0130f8a7c65d885bebf91b24cde85ebf', '2019', 'IVxgmringxB', '', '2021-07-18 16:02:38'),
('dbed64941ba9a94a95b4d6341009a100', '2020', 'IVxgmringxB', '', '2021-07-18 16:02:38'),
('33acd7a2a52067fb48ecf948c6037e41', '2021', 'IVxgmringxB', '0', '2021-07-18 16:02:38'),
('b2917e5fdb7d6a6f1e15cec01b05d1da', '2017', 'IVxgmringxC', '', '2021-07-18 16:02:38'),
('3513f740ffb0d661ab0bfdcd9707e0fe', '2018', 'IVxgmringxC', '', '2021-07-18 16:02:38'),
('013a5c50e17ab3f5b37a886aa2681108', '2019', 'IVxgmringxC', '', '2021-07-18 16:02:38'),
('aa5d4ec62d6bb991db229d6f14074763', '2020', 'IVxgmringxC', '', '2021-07-18 16:02:38'),
('1c83f84d3ba7aa7147878f6a2054b976', '2021', 'IVxgmringxC', '0', '2021-07-18 16:02:38'),
('a34e7140e696f433d7ca3db620fb01b5', '2017', 'IVxgmringxD', '', '2021-07-18 16:02:38'),
('b1f3793a99dcc671b722c752755822ac', '2018', 'IVxgmringxD', '', '2021-07-18 16:02:38'),
('9e5ecbb49dcb3f3e728c4eea26eb1f4b', '2019', 'IVxgmringxD', '', '2021-07-18 16:02:38'),
('5afbc92fb36aac1d3c7dfa0db72f018b', '2020', 'IVxgmringxD', '', '2021-07-18 16:02:38'),
('ebe2fae88ca51acbb4109510d63741d3', '2021', 'IVxgmringxD', '0', '2021-07-18 16:02:38'),
('efe84e184d878bd16a419006db9ad0a4', '2017', 'IVxgmringxE', '', '2021-07-18 16:02:38'),
('29c6a17cbd9a168dfdd4035aab49a436', '2018', 'IVxgmringxE', '', '2021-07-18 16:02:38'),
('97358e17cf04900df777fc3f1e82ef8f', '2019', 'IVxgmringxE', '', '2021-07-18 16:02:38'),
('fd7ba0841771dc5b9b81db24a259ea3d', '2020', 'IVxgmringxE', '', '2021-07-18 16:02:38'),
('c5b5e323492f50dc2549c78e2692ead5', '2021', 'IVxgmringxE', '0', '2021-07-18 16:02:38'),
('bcca6fd1479b24781796909ef7c4f6e6', '2017', 'NON PNS', '', '2021-07-18 16:02:38'),
('4bcee891854e3e8bc15e7edc28206e3b', '2018', 'NON PNS', '', '2021-07-18 16:02:38'),
('6d3519e193bdaeff852827b4abd7221f', '2019', 'NON PNS', '', '2021-07-18 16:02:38'),
('afd22d6240ce2f43d2d40d24b61bd6c5', '2020', 'NON PNS', '', '2021-07-18 16:02:38'),
('e31538f00546e92318c1f67821507635', '2021', 'NON PNS', '0', '2021-07-18 16:02:38'),
('8f775023c755f9f4e3f7abafabf40909', '2017', 'WALIKOTA', '', '2021-07-18 16:02:38'),
('e0f3364668b13d18ab55b64c08b839ab', '2018', 'WALIKOTA', '', '2021-07-18 16:02:38'),
('d8581dcfb050f8f1773768110b80e9e4', '2019', 'WALIKOTA', '', '2021-07-18 16:02:38'),
('8163cc5a69d52cad5174ec44d54d27e5', '2020', 'WALIKOTA', '', '2021-07-18 16:02:38'),
('802391e4d31fb7167cfa4f019ac8445d', '2021', 'WALIKOTA', '0', '2021-07-18 16:02:38'),
('a81aeb28312e8276862cc498f478430d', '2017', 'WAWALI', '', '2021-07-18 16:02:38'),
('a3d5b5ccf5ff3d8ee29f791eeedaed55', '2018', 'WAWALI', '', '2021-07-18 16:02:38'),
('da941ba5e4989ca468e0af6e0645a715', '2019', 'WAWALI', '', '2021-07-18 16:02:38'),
('a28f05f5f45fe2d8a900736c8935fe44', '2020', 'WAWALI', '', '2021-07-18 16:02:38'),
('93e12ae6cfccae29b6eea489cff84df8', '2021', 'WAWALI', '0', '2021-07-18 16:02:38');

-- --------------------------------------------------------

--
-- Struktur dari tabel `lap_jabatan_bulan`
--

CREATE TABLE `lap_jabatan_bulan` (
  `kd` varchar(50) NOT NULL,
  `tahun` varchar(4) DEFAULT NULL,
  `jabatan` varchar(100) DEFAULT NULL,
  `bulan` varchar(2) DEFAULT NULL,
  `total` varchar(100) DEFAULT NULL,
  `postdate` datetime DEFAULT NULL
) ENGINE=MyISAM DEFAULT CHARSET=utf8mb4;

--
-- Dumping data untuk tabel `lap_jabatan_bulan`
--

INSERT INTO `lap_jabatan_bulan` (`kd`, `tahun`, `jabatan`, `bulan`, `total`, `postdate`) VALUES
('42546810e057e7fd161df637ef7748bd', '2021', 'WALIKOTA', '6', '', '2021-07-19 02:36:46'),
('3bf5f602afac07644e8128975822ef15', '2021', 'WAKIL WALIKOTA', '12', '', '2021-07-19 02:36:46'),
('66187a1abe04a383afbcdd429a699521', '2021', 'WALIKOTA', '2', '', '2021-07-19 02:36:46'),
('48846a0ad649712d758e9a060371170e', '2021', 'WALIKOTA', '3', '', '2021-07-19 02:36:46'),
('c62e72ac7952d88df078b0becdc34db9', '2021', 'WALIKOTA', '4', '4850000', '2021-07-19 02:36:46'),
('ccdd2a4ed84db60d72d5137b98ae295d', '2021', 'WALIKOTA', '5', '', '2021-07-19 02:36:46'),
('5bf8fbe76930e6ac1921df5b1d922b17', '2021', 'WAKIL WALIKOTA', '11', '', '2021-07-19 02:36:46'),
('8cf8a599bf494190e4f7201d7f6464e3', '2021', 'WAKIL WALIKOTA', '10', '', '2021-07-19 02:36:46'),
('fff0aefe7d1268a681da4d71940fb853', '2021', 'WAKIL WALIKOTA', '9', '', '2021-07-19 02:36:46'),
('f8d9d24b35622e33f035de6ed22b081f', '2021', 'WAKIL WALIKOTA', '8', '', '2021-07-19 02:36:46'),
('7b3cf18746105a1541a2ecd062696248', '2021', 'WAKIL WALIKOTA', '7', '', '2021-07-19 02:36:46'),
('085c119cb13144520fbd427e67975438', '2021', 'WAKIL WALIKOTA', '6', '', '2021-07-19 02:36:46'),
('fba0c0444c0aa0bdc0a9590fe0259c09', '2021', 'WAKIL WALIKOTA', '5', '', '2021-07-19 02:36:46'),
('07e55a3c95c5d9fe02c661956618178e', '2021', 'WAKIL WALIKOTA', '4', '', '2021-07-19 02:36:46'),
('017be4b7013d81547408fa0e5535b998', '2021', 'WAKIL WALIKOTA', '2', '', '2021-07-19 02:36:46'),
('cd697d4b064116090a5faa002b3f6d60', '2021', 'WAKIL WALIKOTA', '3', '', '2021-07-19 02:36:46'),
('6af3033048903860308fe9cacda79262', '2021', 'STAF BAGIAN UMUM', '10', '', '2021-07-19 02:36:46'),
('9efa2d1c6fec8469bacde1d08e042fa4', '2021', 'STAF BAGIAN UMUM', '11', '', '2021-07-19 02:36:46'),
('b5d6f714000140e86b3aa676dae95f7d', '2021', 'STAF BAGIAN UMUM', '12', '', '2021-07-19 02:36:46'),
('0f2ab9f207d8591bac79349f116b63d5', '2021', 'STAF BAGIAN UMUM', '9', '', '2021-07-19 02:36:46'),
('c8123daff3121fb77f63d7486932a945', '2021', 'STAF BAGIAN UMUM', '7', '', '2021-07-19 02:36:46'),
('031fe9536938f9dee50363ebe55e3491', '2021', 'STAF BAGIAN UMUM', '8', '', '2021-07-19 02:36:46'),
('53f5b4d12fe02d0cfdd4f93eca4f75ff', '2021', 'STAF BAGIAN UMUM', '3', '', '2021-07-19 02:36:46'),
('b97064c44866ea72ef1d57ac4bf452bc', '2021', 'STAF BAGIAN UMUM', '4', '', '2021-07-19 02:36:46'),
('4448c6f856e01808c045a1fb7f84a74c', '2021', 'STAF BAGIAN UMUM', '5', '', '2021-07-19 02:36:46'),
('ffdcdae867003c460bf7a260a21dd7ac', '2021', 'STAF BAGIAN UMUM', '6', '', '2021-07-19 02:36:46'),
('8b7f63d1db1d308d6d3f6d57c7297cc6', '2021', 'STAF BAGIAN UMUM', '2', '', '2021-07-19 02:36:46'),
('7c391e54d66693e4d30f084d1ec0a97f', '2021', 'STAF AHLI BIDANG PEMBANGUNAN, KEMASYARAKATAN DAN SUMBER DAYA MANUSIA', '12', '', '2021-07-19 02:36:46'),
('64d276323e7f5c14e95c813ca1e58684', '2021', 'STAF AHLI BIDANG PEMBANGUNAN, KEMASYARAKATAN DAN SUMBER DAYA MANUSIA', '8', '', '2021-07-19 02:36:46'),
('03d8d24c29d3bbdd4fa4cc94c38905ef', '2021', 'STAF AHLI BIDANG PEMBANGUNAN, KEMASYARAKATAN DAN SUMBER DAYA MANUSIA', '9', '', '2021-07-19 02:36:46'),
('6f17521d8bcd1473364721cba04fc7d4', '2021', 'STAF AHLI BIDANG PEMBANGUNAN, KEMASYARAKATAN DAN SUMBER DAYA MANUSIA', '10', '', '2021-07-19 02:36:46'),
('f786d3392f99a11333da3ca416af2479', '2021', 'STAF AHLI BIDANG PEMBANGUNAN, KEMASYARAKATAN DAN SUMBER DAYA MANUSIA', '11', '', '2021-07-19 02:36:46'),
('8042018778573e1777cf0b8536336435', '2021', 'STAF AHLI BIDANG PEMBANGUNAN, KEMASYARAKATAN DAN SUMBER DAYA MANUSIA', '7', '', '2021-07-19 02:36:46'),
('2ee3ff731c292d7954da113615e44d54', '2021', 'STAF AHLI BIDANG PEMBANGUNAN, KEMASYARAKATAN DAN SUMBER DAYA MANUSIA', '6', '', '2021-07-19 02:36:46'),
('3548673c984097b483d6b5ce57e9be66', '2021', 'STAF AHLI BIDANG PEMBANGUNAN, KEMASYARAKATAN DAN SUMBER DAYA MANUSIA', '5', '', '2021-07-19 02:36:46'),
('7fb7293329b0b6dae3cf9e4bd1f2c290', '2021', 'STAF AHLI BIDANG PEMBANGUNAN, KEMASYARAKATAN DAN SUMBER DAYA MANUSIA', '4', '', '2021-07-19 02:36:46'),
('1ca7099474f5ef11ba14483d28ec5f4a', '2021', 'STAF AHLI BIDANG PEMBANGUNAN, KEMASYARAKATAN DAN SUMBER DAYA MANUSIA', '3', '', '2021-07-19 02:36:46'),
('977dc26e09965d98b1b1aa9684dc8210', '2021', 'STAF AHLI BIDANG PEMBANGUNAN, KEMASYARAKATAN DAN SUMBER DAYA MANUSIA', '2', '', '2021-07-19 02:36:46'),
('e64d0e19c6b126cc746264eefd21425d', '2021', 'STAF AHLI BIDANG PEMBANGUNAN', '12', '', '2021-07-19 02:36:46'),
('408efa64d22e60e884a957653251773a', '2021', 'STAF AHLI BIDANG PEMBANGUNAN', '11', '', '2021-07-19 02:36:46'),
('02dbb42d6ca73cdae466aab99b3fc1fa', '2021', 'STAF AHLI BIDANG PEMBANGUNAN', '10', '', '2021-07-19 02:36:46'),
('c31ba4698dc93c90d2d189a0f089e10a', '2021', 'STAF AHLI BIDANG PEMBANGUNAN', '9', '', '2021-07-19 02:36:46'),
('6e1f04a7d729a836efb03387833117d1', '2021', 'STAF AHLI BIDANG PEMBANGUNAN', '8', '', '2021-07-19 02:36:46'),
('c943e0fceb66a4a84885656eb15d4f02', '2021', 'STAF AHLI BIDANG PEMBANGUNAN', '7', '', '2021-07-19 02:36:46'),
('8c5792091b5701c7e4d511de2a3d8a2c', '2021', 'STAF AHLI BIDANG PEMBANGUNAN', '6', '', '2021-07-19 02:36:46'),
('22a5f9f93db47ce46dc097e5bfa4cccb', '2021', 'STAF AHLI BIDANG PEMBANGUNAN', '5', '', '2021-07-19 02:36:46'),
('309a103de3c508c474460f400eb49aea', '2021', 'STAF AHLI BIDANG PEMBANGUNAN', '4', '', '2021-07-19 02:36:46'),
('a5b5fba93d5dc2a4b020568611ce0903', '2021', 'STAF AHLI BIDANG PEMBANGUNAN', '3', '', '2021-07-19 02:36:46'),
('0c881d23bf3b6c0ceb9ea8870209b2b8', '2021', 'STAF AHLI BIDANG PEMBANGUNAN', '2', '', '2021-07-19 02:36:46'),
('2b3fbc8a7f37d96055a8ae00c90ab3d0', '2021', 'STAF AHLI BIDANG HUKUM DAN POLITIK', '12', '', '2021-07-19 02:36:46'),
('cfc8f2ddb99ee4b049e408cf7862614e', '2021', 'STAF AHLI BIDANG PEMBANGUNAN', '1', '', '2021-07-19 02:36:46'),
('49d428a68f013c8aef18c335f8841d67', '2021', 'STAF AHLI BIDANG HUKUM DAN POLITIK', '11', '', '2021-07-19 02:36:46'),
('5e1593df78c7f52040f0ffc355674047', '2021', 'STAF AHLI BIDANG HUKUM DAN POLITIK', '10', '', '2021-07-19 02:36:46'),
('41bfb4cfde9d03e44a3b328ca2467701', '2021', 'STAF AHLI BIDANG HUKUM DAN POLITIK', '9', '', '2021-07-19 02:36:46'),
('40edb89dc051fae5421ab9cea8e1e24a', '2021', 'STAF AHLI BIDANG HUKUM DAN POLITIK', '8', '', '2021-07-19 02:36:46'),
('bee3ded40341329277b29276eaeac2de', '2021', 'STAF AHLI BIDANG HUKUM DAN POLITIK', '7', '', '2021-07-19 02:36:46'),
('40e2e8246ecbc6dfd63407292a2e31b0', '2021', 'STAF AHLI BIDANG HUKUM DAN POLITIK', '6', '10731200', '2021-07-19 02:36:46'),
('e47f7ada4fad1a73c2da6e2f175bdb75', '2021', 'STAF AHLI BIDANG HUKUM DAN POLITIK', '5', '', '2021-07-19 02:36:46'),
('f241dbbbee0f05a86ba3dd1dae8de8e6', '2021', 'STAF AHLI BIDANG HUKUM DAN POLITIK', '3', '', '2021-07-19 02:36:46'),
('c9776883d9660a3b6488fc60e63f6ae4', '2021', 'STAF AHLI BIDANG HUKUM DAN POLITIK', '4', '3920000', '2021-07-19 02:36:46'),
('802391e4d31fb7167cfa4f019ac8445d', '2021', 'STAF AHLI BIDANG HUKUM DAN POLITIK', '1', '', '2021-07-19 02:36:46'),
('361252a0370ee9b8ce966d2c06ca5f1d', '2021', 'STAF AHLI BIDANG HUKUM DAN POLITIK', '2', '', '2021-07-19 02:36:46'),
('756e36ed18286b72a3a57ac66602f7f1', '2021', 'STAF AHLI BIDANG EKONOMI DAN KEUANGAN', '12', '', '2021-07-19 02:36:46'),
('1c237520334595cd19e4ebfaff152fe6', '2021', 'STAF AHLI BIDANG EKONOMI DAN KEUANGAN', '11', '', '2021-07-19 02:36:46'),
('6b292f11876e8bf06746873c1d1fac9f', '2021', 'STAF AHLI BIDANG EKONOMI DAN KEUANGAN', '9', '', '2021-07-19 02:36:46'),
('98b7ca52fbe37f9178acaae6c3028e64', '2021', 'STAF AHLI BIDANG EKONOMI DAN KEUANGAN', '10', '', '2021-07-19 02:36:46'),
('07e90932b551b5c8cb25b571d34259a9', '2021', 'STAF AHLI BIDANG EKONOMI DAN KEUANGAN', '8', '', '2021-07-19 02:36:46'),
('7384fde722ff0a2d2a1b365ac7a7d6b6', '2021', 'STAF AHLI BIDANG EKONOMI DAN KEUANGAN', '7', '', '2021-07-19 02:36:46'),
('b76276216b4b4aa8bc5f8cb845819433', '2021', 'STAF AHLI BIDANG EKONOMI DAN KEUANGAN', '6', '', '2021-07-19 02:36:46'),
('b412544fa156661fbf2794bd97c2977c', '2021', 'STAF AHLI BIDANG EKONOMI DAN KEUANGAN', '5', '', '2021-07-19 02:36:46'),
('9ee4fbdff8524bc085b8ae5997c71ab6', '2021', 'STAF AHLI BIDANG EKONOMI DAN KEUANGAN', '4', '', '2021-07-19 02:36:46'),
('7a9b6eaacb9f0b899d9aeb85755ed0b5', '2021', 'STAF AHLI BIDANG EKONOMI DAN KEUANGAN', '3', '', '2021-07-19 02:36:46'),
('5decdb2341b4bd318a29290a5a535a6a', '2021', 'STAF AHLI BIDANG EKONOMI DAN KEUANGAN', '2', '', '2021-07-19 02:36:46'),
('e31538f00546e92318c1f67821507635', '2021', 'STAF AHLI BIDANG EKONOMI DAN KEUANGAN', '1', '', '2021-07-19 02:36:46'),
('4a948f675b373004ea2f28c18849b08d', '2021', 'SEKRETARIS DAERAH', '12', '', '2021-07-19 02:36:46'),
('6506cc5c17f7f2c709005135e960b840', '2021', 'SEKRETARIS DAERAH', '11', '', '2021-07-19 02:36:46'),
('24799d5af6d7bbe765cd4a56e2663473', '2021', 'SEKRETARIS DAERAH', '10', '', '2021-07-19 02:36:46'),
('dbb24d8f5cbebf85a493f2b78a397729', '2021', 'SEKRETARIS DAERAH', '9', '', '2021-07-19 02:36:46'),
('0fa854c61e4f78a1d218cb9d637d32e8', '2021', 'SEKRETARIS DAERAH', '8', '', '2021-07-19 02:36:46'),
('03e760d440ebe316708c61f2858d6875', '2021', 'SEKRETARIS DAERAH', '7', '', '2021-07-19 02:36:46'),
('80ef8038d8580d5c722a9a4394ce72f3', '2021', 'SEKRETARIS DAERAH', '6', '', '2021-07-19 02:36:46'),
('e5cf920230ba75387e10245d47a7ef1e', '2021', 'SEKRETARIS DAERAH', '5', '', '2021-07-19 02:36:46'),
('c874b2ed8df0deb7a9269cd6a7895966', '2021', 'SEKRETARIS DAERAH', '4', '', '2021-07-19 02:36:46'),
('e515ab6ded83dc08394f3e75ae55e0db', '2021', 'SEKRETARIS DAERAH', '3', '', '2021-07-19 02:36:46'),
('ecb3fe503f96ed830bf2707f2844437c', '2021', 'SEKRETARIS DAERAH', '2', '', '2021-07-19 02:36:46'),
('c5b5e323492f50dc2549c78e2692ead5', '2021', 'SEKRETARIS DAERAH', '1', '', '2021-07-19 02:36:46'),
('49358287c7d4928af0942e0e83f27c0d', '2021', 'KEPALA SUB BAGIAN TATA USAHA', '12', '', '2021-07-19 02:36:46'),
('96d4af05dae2daed815bed838b37eb51', '2021', 'KEPALA SUB BAGIAN TATA USAHA', '11', '', '2021-07-19 02:36:46'),
('f0bf65a605993d70ac31f98061313144', '2021', 'KEPALA SUB BAGIAN TATA USAHA', '10', '', '2021-07-19 02:36:46'),
('1ca27133eff2b9f5cfb0199fd5507dd9', '2021', 'KEPALA SUB BAGIAN TATA USAHA', '9', '', '2021-07-19 02:36:46'),
('3d775fa3924910a2709f955806cf872d', '2021', 'KEPALA SUB BAGIAN TATA USAHA', '7', '', '2021-07-19 02:36:46'),
('f8ce3617cfed168ad284469a694894bd', '2021', 'KEPALA SUB BAGIAN TATA USAHA', '8', '', '2021-07-19 02:36:46'),
('ab1ca5c12c2774cf44b434226e981082', '2021', 'KEPALA SUB BAGIAN TATA USAHA', '5', '', '2021-07-19 02:36:46'),
('db9c8f25316a8e8160a014fdc8ef6408', '2021', 'KEPALA SUB BAGIAN TATA USAHA', '6', '', '2021-07-19 02:36:46'),
('944fbd6c03702421191145f76302542f', '2021', 'KEPALA SUB BAGIAN TATA USAHA', '4', '', '2021-07-19 02:36:46'),
('4e7a139ffdef57a1a32994044d48405c', '2021', 'KEPALA SUB BAGIAN TATA USAHA', '2', '', '2021-07-19 02:36:46'),
('0b512404b0411e623f64ec8981f8ae21', '2021', 'KEPALA SUB BAGIAN TATA USAHA', '3', '', '2021-07-19 02:36:46'),
('b8728ef2c4fc9ee7491e1fe24fcf8aff', '2021', 'KEPALA SUB BAGIAN PERLENGKAPAN', '12', '', '2021-07-19 02:36:46'),
('ebe2fae88ca51acbb4109510d63741d3', '2021', 'KEPALA SUB BAGIAN TATA USAHA', '1', '', '2021-07-19 02:36:46'),
('04fba6ec61e9a27dcdeb0d85b68293ad', '2021', 'KEPALA SUB BAGIAN PERLENGKAPAN', '11', '', '2021-07-19 02:36:46'),
('a2e0cb0f41526175456ae3cc800a179a', '2021', 'KEPALA SUB BAGIAN PERLENGKAPAN', '10', '', '2021-07-19 02:36:46'),
('05e613ba6aba635574abc6a13ad372cc', '2021', 'KEPALA SUB BAGIAN PERLENGKAPAN', '9', '', '2021-07-19 02:36:46'),
('865375e012baa533a2922ee3f48659b4', '2021', 'KEPALA SUB BAGIAN PERLENGKAPAN', '8', '', '2021-07-19 02:36:46'),
('b7db9d31e6f8538e6e91677228355f76', '2021', 'KEPALA SUB BAGIAN PERLENGKAPAN', '7', '', '2021-07-19 02:36:46'),
('8cf81a517605f1838c9ac65b2be20d37', '2021', 'KEPALA SUB BAGIAN PERLENGKAPAN', '6', '', '2021-07-19 02:36:46'),
('6e0380dcff35db89b9a6203d4f6676fb', '2021', 'KEPALA SUB BAGIAN PERLENGKAPAN', '5', '', '2021-07-19 02:36:46'),
('76c8a5bf0f3faae0274ef86e30e44e8b', '2021', 'KEPALA SUB BAGIAN PERLENGKAPAN', '4', '', '2021-07-19 02:36:46'),
('f6d06aec4fb72a04f9cd4020bef5e10f', '2021', 'KEPALA SUB BAGIAN PERLENGKAPAN', '3', '', '2021-07-19 02:36:46'),
('ec2b716d5dc4bd0166323acf86eceabf', '2021', 'KEPALA SUB BAGIAN PERLENGKAPAN', '2', '', '2021-07-19 02:36:46'),
('1c83f84d3ba7aa7147878f6a2054b976', '2021', 'KEPALA SUB BAGIAN PERLENGKAPAN', '1', '', '2021-07-19 02:36:46'),
('e6065404c6a75eb615c2a859e08b8e10', '2021', 'KEPALA SUB BAGIAN PELAPORAN', '12', '', '2021-07-19 02:36:46'),
('560c476344a53044957e47d0c7abfcaf', '2021', 'KEPALA SUB BAGIAN PELAPORAN', '11', '', '2021-07-19 02:36:46'),
('3bc10ec95dae8e44b304557e5a3f45c6', '2021', 'KEPALA SUB BAGIAN PELAPORAN', '10', '', '2021-07-19 02:36:46'),
('3de1df37e5f9bb22d1a8fa12a267900a', '2021', 'KEPALA SUB BAGIAN PELAPORAN', '8', '', '2021-07-19 02:36:46'),
('8961ddc12910214a410632d23b60d658', '2021', 'KEPALA SUB BAGIAN PELAPORAN', '9', '', '2021-07-19 02:36:46'),
('4fca37194411b8aa91254b2aa191bfc7', '2021', 'KEPALA SUB BAGIAN PELAPORAN', '5', '', '2021-07-19 02:36:46'),
('60e9e969d47183ae1cd0a9579f828054', '2021', 'KEPALA SUB BAGIAN PELAPORAN', '6', '', '2021-07-19 02:36:46'),
('31ac24a3fe63a2a2021b6450cf27e2fb', '2021', 'KEPALA SUB BAGIAN PELAPORAN', '7', '', '2021-07-19 02:36:46'),
('9e1ea7b41d62360ac369ee0bcbcd1678', '2021', 'KEPALA SUB BAGIAN PELAPORAN', '4', '', '2021-07-19 02:36:46'),
('33acd7a2a52067fb48ecf948c6037e41', '2021', 'KEPALA SUB BAGIAN PELAPORAN', '1', '', '2021-07-19 02:36:46'),
('978e9ee25edea456a6fefceded18b42f', '2021', 'KEPALA SUB BAGIAN PELAPORAN', '2', '', '2021-07-19 02:36:46'),
('19d329403f02e2da265cfc05d41fd253', '2021', 'KEPALA SUB BAGIAN PELAPORAN', '3', '', '2021-07-19 02:36:46'),
('e48e376142d8cf4cb801140ed087c2e0', '2021', 'KEPALA BAGIAN UMUM', '12', '', '2021-07-19 02:36:46'),
('8a08a8763a6dc62ea5bd121d57bbf757', '2021', 'KEPALA BAGIAN UMUM', '9', '', '2021-07-19 02:36:46'),
('fd76f91c112572235cc7512320b1915f', '2021', 'KEPALA BAGIAN UMUM', '10', '', '2021-07-19 02:36:46'),
('abf54f61a14194648222d3918da54238', '2021', 'KEPALA BAGIAN UMUM', '11', '', '2021-07-19 02:36:46'),
('2722f07434eecbd0ed65387922cb8d6f', '2021', 'KEPALA BAGIAN UMUM', '7', '', '2021-07-19 02:36:46'),
('554645eb53158c44bbdfb7a5ff77a223', '2021', 'KEPALA BAGIAN UMUM', '8', '', '2021-07-19 02:36:46'),
('95523bfcfd50bae5b3cabd328bcdde6d', '2021', 'KEPALA BAGIAN UMUM', '5', '', '2021-07-19 02:36:46'),
('1cfe88b631d8aadd96d5cb1a44e23d5e', '2021', 'KEPALA BAGIAN UMUM', '6', '', '2021-07-19 02:36:46'),
('109d981eb38a8d5c58ea31052f257de7', '2021', 'KEPALA BAGIAN UMUM', '4', '', '2021-07-19 02:36:46'),
('41ddbbced55669818b2a40f4fed46f56', '2021', 'KEPALA BAGIAN UMUM', '3', '', '2021-07-19 02:36:46'),
('5c5e400e89d5434cbb64f485fb7e1197', '2021', 'KEPALA BAGIAN UMUM', '1', '', '2021-07-19 02:36:46'),
('d5f74fdcf6f9bd1e81901fa5a4fc6508', '2021', 'KEPALA BAGIAN UMUM', '2', '', '2021-07-19 02:36:46'),
('c0224a986cba335407ce4535149f9441', '2021', 'ASISTEN ADMINISTRASI PEMERINTAHAN', '12', '', '2021-07-19 02:36:46'),
('98312ce7f60659d5760270fd50d833f6', '2021', 'ASISTEN ADMINISTRASI PEMERINTAHAN', '10', '', '2021-07-19 02:36:46'),
('c797eac1db03c051b64778afd7f430e7', '2021', 'ASISTEN ADMINISTRASI PEMERINTAHAN', '11', '', '2021-07-19 02:36:46'),
('aec5046c099a70be6a917e4f8d464ca8', '2021', 'ASISTEN ADMINISTRASI PEMERINTAHAN', '9', '', '2021-07-19 02:36:46'),
('890b28053d8b32f859705f01211873ec', '2021', 'ASISTEN ADMINISTRASI PEMERINTAHAN', '8', '', '2021-07-19 02:36:46'),
('b05519170c895833dd03f4e981243618', '2021', 'ASISTEN ADMINISTRASI PEMERINTAHAN', '7', '', '2021-07-19 02:36:46'),
('ed14600b5bac29dcccf08af9703025bc', '2021', 'ASISTEN ADMINISTRASI PEMERINTAHAN', '6', '', '2021-07-19 02:36:46'),
('10a45e8717a99913c9c26362378c4402', '2021', 'ASISTEN ADMINISTRASI PEMERINTAHAN', '5', '', '2021-07-19 02:36:46'),
('1f24d47510b09b87ab303090f831483d', '2021', 'ASISTEN ADMINISTRASI PEMERINTAHAN', '4', '', '2021-07-19 02:36:46'),
('55ea0e81b1d96521f50dfc03988f538a', '2021', 'ASISTEN ADMINISTRASI PEMERINTAHAN', '3', '', '2021-07-19 02:36:46'),
('435c49d9692ea1cd1c73b58facd4bf89', '2021', 'ASISTEN ADMINISTRASI PEMERINTAHAN', '2', '', '2021-07-19 02:36:46'),
('5a4e2c6c8fab50e4e971eaf37c15401c', '2021', 'ASISTEN ADMINISTRASI PEMERINTAHAN', '1', '', '2021-07-19 02:36:46'),
('d20cf22a1890ef26a0447908605deda5', '2021', '111', '12', '', '2021-07-19 02:36:46'),
('99a7eaaf8f60775342e86271a3c0d1c0', '2021', '111', '11', '', '2021-07-19 02:36:46'),
('9eefaeaa8a1073f9d2a2b4f41d911ae5', '2021', '111', '10', '', '2021-07-19 02:36:46'),
('8b805bd4a7c6cbdc193d12f3c1a6b678', '2021', '111', '9', '', '2021-07-19 02:36:46'),
('336f28115663343d5f13d9303092f9ec', '2021', '111', '8', '', '2021-07-19 02:36:46'),
('6327cdcb43e0a39448abec80ed86fe20', '2021', '111', '7', '', '2021-07-19 02:36:46'),
('0e9bad917997d6ce7c4f76ff32a8f0b4', '2021', '111', '6', '', '2021-07-19 02:36:46'),
('c51a662623331dbf15510d74b5dfa5d6', '2021', '111', '5', '', '2021-07-19 02:36:46'),
('4068eb43d48b04b192fa13f6c01d91e3', '2021', '111', '4', '', '2021-07-19 02:36:46'),
('592ec7153cd4d83e8f31b1f35111c9bf', '2021', '111', '3', '', '2021-07-19 02:36:46'),
('e772aaae4bd07f6e1f66c7d2dd697736', '2021', '111', '2', '', '2021-07-19 02:36:46'),
('d82905d09064ebc1c2881548029c8743', '2021', '111', '1', '', '2021-07-19 02:36:46'),
('512b1278fa7e6e166293c1eb598d241a', '2021', 'WALIKOTA', '7', '', '2021-07-19 02:36:46'),
('e5e1caaa0523a135cc1ba4ee5604ff2a', '2021', 'WALIKOTA', '8', '', '2021-07-19 02:36:46'),
('5da12d818bf53d6fde363c71cb1193ef', '2021', 'WALIKOTA', '9', '', '2021-07-19 02:36:46'),
('cee05c20b194cbd67bf5085d36e2f845', '2021', 'WALIKOTA', '10', '', '2021-07-19 02:36:46'),
('0ec7fff33c1cf68803a1bbf3aab621eb', '2021', 'WALIKOTA', '11', '', '2021-07-19 02:36:46'),
('22783de146e77a59faa4664ef13ba7a0', '2021', 'WALIKOTA', '12', '', '2021-07-19 02:36:46');

-- --------------------------------------------------------

--
-- Struktur dari tabel `lap_jabatan_tahun`
--

CREATE TABLE `lap_jabatan_tahun` (
  `kd` varchar(50) NOT NULL,
  `tahun` varchar(4) DEFAULT NULL,
  `jabatan` varchar(100) DEFAULT NULL,
  `total` varchar(100) DEFAULT NULL,
  `postdate` datetime DEFAULT NULL
) ENGINE=MyISAM DEFAULT CHARSET=utf8mb4;

--
-- Dumping data untuk tabel `lap_jabatan_tahun`
--

INSERT INTO `lap_jabatan_tahun` (`kd`, `tahun`, `jabatan`, `total`, `postdate`) VALUES
('882e31a8dd5612ef0303603a1c3faea8', '2017', 'ASISTEN ADMINISTRASI PEMERINTAHAN', '', '2021-07-19 02:40:43'),
('6974909f63282da92162267b49df3b34', '2018', 'ASISTEN ADMINISTRASI PEMERINTAHAN', '', '2021-07-19 02:40:43'),
('a1fade199025fafa3a4a6ce532252639', '2019', 'ASISTEN ADMINISTRASI PEMERINTAHAN', '', '2021-07-19 02:40:43'),
('d683533d66f266d524cbf68d5df0ee9c', '2020', 'ASISTEN ADMINISTRASI PEMERINTAHAN', '', '2021-07-19 02:40:43'),
('e0613000bcd426e19c29ad052aa7ea49', '2021', 'ASISTEN ADMINISTRASI PEMERINTAHAN', '0', '2021-07-19 02:40:43'),
('f90654f7011632c097f4bed609c869f7', '2017', 'KEPALA BAGIAN UMUM', '', '2021-07-19 02:40:43'),
('fb56db5736e9e08a951803b8f72e9e6c', '2018', 'KEPALA BAGIAN UMUM', '', '2021-07-19 02:40:43'),
('e604a531789bb8c3cfaceb0b2346fd77', '2019', 'KEPALA BAGIAN UMUM', '', '2021-07-19 02:40:43'),
('e240f783de5c9ea54f362c8f65d6eb69', '2020', 'KEPALA BAGIAN UMUM', '', '2021-07-19 02:40:43'),
('cef86bd9ff0b73e7f5fc08c34b643a8b', '2021', 'KEPALA BAGIAN UMUM', '0', '2021-07-19 02:40:43'),
('f2832b9c579edcd29fb081fb4dee0406', '2017', 'KEPALA SUB BAGIAN PELAPORAN', '', '2021-07-19 02:40:43'),
('fcc6ffa7317267fe729f6ab3d5152496', '2018', 'KEPALA SUB BAGIAN PELAPORAN', '', '2021-07-19 02:40:43'),
('354ceb6cd10471b67b540a1aa09fa7b3', '2019', 'KEPALA SUB BAGIAN PELAPORAN', '', '2021-07-19 02:40:43'),
('701df7b874ea6eae443cb81e9e069735', '2020', 'KEPALA SUB BAGIAN PELAPORAN', '', '2021-07-19 02:40:43'),
('0f297ff03a203306384e8fcc694b6724', '2021', 'KEPALA SUB BAGIAN PELAPORAN', '0', '2021-07-19 02:40:43'),
('1e78e7323c18caa97a193cb00302ed8b', '2017', 'KEPALA SUB BAGIAN PERLENGKAPAN', '', '2021-07-19 02:40:43'),
('ad7f941f991ad6ccd8d433fed457fb63', '2018', 'KEPALA SUB BAGIAN PERLENGKAPAN', '', '2021-07-19 02:40:43'),
('98edc70f240d534b2f7c016ab67dfd66', '2019', 'KEPALA SUB BAGIAN PERLENGKAPAN', '', '2021-07-19 02:40:43'),
('751f75ca64e39a7c3d47d79e27aa1e85', '2020', 'KEPALA SUB BAGIAN PERLENGKAPAN', '', '2021-07-19 02:40:43'),
('3171b3bc8d19c82f38fef8b518aef833', '2021', 'KEPALA SUB BAGIAN PERLENGKAPAN', '0', '2021-07-19 02:40:43'),
('b05edd78c294dcf6d960190bf5bde635', '2017', 'KEPALA SUB BAGIAN TATA USAHA', '', '2021-07-19 02:40:43'),
('75f83581dbe3440aea46539676d70efe', '2018', 'KEPALA SUB BAGIAN TATA USAHA', '', '2021-07-19 02:40:43'),
('248f5ee32b694f3fb43eba685bd1dcaf', '2019', 'KEPALA SUB BAGIAN TATA USAHA', '', '2021-07-19 02:40:43'),
('a478c2b6c235580960cbae4a4ca4745e', '2020', 'KEPALA SUB BAGIAN TATA USAHA', '', '2021-07-19 02:40:43'),
('883163b9c71c2b2576534baf44a5d0fe', '2021', 'KEPALA SUB BAGIAN TATA USAHA', '0', '2021-07-19 02:40:43'),
('c3671e164e65eb26a22db5421e92c405', '2017', 'SEKRETARIS DAERAH', '', '2021-07-19 02:40:43'),
('12ac72f445ced20780a7900df364608a', '2018', 'SEKRETARIS DAERAH', '', '2021-07-19 02:40:43'),
('d986175af92548ba08646abb0014163a', '2019', 'SEKRETARIS DAERAH', '', '2021-07-19 02:40:43'),
('4d974dad853e25462f34e31e39a0e626', '2020', 'SEKRETARIS DAERAH', '', '2021-07-19 02:40:43'),
('20cadab4a23d83d23b85d85e5bb3ede5', '2021', 'SEKRETARIS DAERAH', '0', '2021-07-19 02:40:43'),
('4deb952153ce3744d3c724aed6c09830', '2017', 'STAF AHLI BIDANG EKONOMI DAN KEUANGAN', '', '2021-07-19 02:40:43'),
('6ce77713a2f0322b851806e5cf96d139', '2018', 'STAF AHLI BIDANG EKONOMI DAN KEUANGAN', '', '2021-07-19 02:40:43'),
('f84b89bcf33c161bdaa19c925928f74d', '2019', 'STAF AHLI BIDANG EKONOMI DAN KEUANGAN', '', '2021-07-19 02:40:43'),
('03bff91714bd96b57066016531994c36', '2020', 'STAF AHLI BIDANG EKONOMI DAN KEUANGAN', '', '2021-07-19 02:40:43'),
('ca00770aee34a57705888f19d6e47d04', '2021', 'STAF AHLI BIDANG EKONOMI DAN KEUANGAN', '0', '2021-07-19 02:40:43'),
('89bc58c331d7bad42203aecc7759c56f', '2017', 'STAF AHLI BIDANG HUKUM DAN POLITIK', '', '2021-07-19 02:40:43'),
('6145e68bda614971203985cec5982a6b', '2018', 'STAF AHLI BIDANG HUKUM DAN POLITIK', '', '2021-07-19 02:40:43'),
('980fa0783344cda361dc0ad7219b5bc7', '2019', 'STAF AHLI BIDANG HUKUM DAN POLITIK', '', '2021-07-19 02:40:43'),
('a00932afc9f4deb1507c4be9835fb12e', '2020', 'STAF AHLI BIDANG HUKUM DAN POLITIK', '', '2021-07-19 02:40:43'),
('61513a489a7892fb7975b08a5303fd32', '2021', 'STAF AHLI BIDANG HUKUM DAN POLITIK', '14651200', '2021-07-19 02:40:43'),
('cb955adc83940992b9fdc8e5eabc9b80', '2017', 'STAF AHLI BIDANG PEMBANGUNAN', '', '2021-07-19 02:40:43'),
('dc384cb3d4d6be360e0bb8052e569358', '2018', 'STAF AHLI BIDANG PEMBANGUNAN', '', '2021-07-19 02:40:43'),
('78bfc4fdafe38bbdb63f9afa4813e26b', '2019', 'STAF AHLI BIDANG PEMBANGUNAN', '', '2021-07-19 02:40:43'),
('dc13157dad018bcdd3f6763b4331329c', '2020', 'STAF AHLI BIDANG PEMBANGUNAN', '', '2021-07-19 02:40:43'),
('b09e9b8f288432a0628bf7a6f1b8ed42', '2021', 'STAF AHLI BIDANG PEMBANGUNAN', '0', '2021-07-19 02:40:43'),
('c5242b7f3a54328ad2c77568ce5ac4b9', '2017', 'STAF AHLI BIDANG PEMBANGUNAN, KEMASYARAKATAN DAN SUMBER DAYA MANUSIA', '', '2021-07-19 02:40:43'),
('c6ab182968072aadedd649bc6e97c666', '2018', 'STAF AHLI BIDANG PEMBANGUNAN, KEMASYARAKATAN DAN SUMBER DAYA MANUSIA', '', '2021-07-19 02:40:43'),
('f609f10ead30b21f9cb7c85c24769929', '2019', 'STAF AHLI BIDANG PEMBANGUNAN, KEMASYARAKATAN DAN SUMBER DAYA MANUSIA', '', '2021-07-19 02:40:43'),
('addf1c1e90d29e3e9359c2cdc51c3448', '2020', 'STAF AHLI BIDANG PEMBANGUNAN, KEMASYARAKATAN DAN SUMBER DAYA MANUSIA', '', '2021-07-19 02:40:43'),
('df724c7e8c01d02b07552016af0b9029', '2021', 'STAF AHLI BIDANG PEMBANGUNAN, KEMASYARAKATAN DAN SUMBER DAYA MANUSIA', '0', '2021-07-19 02:40:43'),
('a2a0a31f2194ab46c3161880ee01b987', '2017', 'STAF BAGIAN UMUM', '', '2021-07-19 02:40:43'),
('e0db40f3e98422c5dcc5824c4b1cb5fc', '2018', 'STAF BAGIAN UMUM', '', '2021-07-19 02:40:43'),
('071568d34fe67f753ce8ad5fccf10eb4', '2019', 'STAF BAGIAN UMUM', '', '2021-07-19 02:40:43'),
('56b108cb3f4b1f89e9d52c50f22c3b4e', '2020', 'STAF BAGIAN UMUM', '', '2021-07-19 02:40:43'),
('d82905d09064ebc1c2881548029c8743', '2021', 'STAF BAGIAN UMUM', '0', '2021-07-19 02:40:43'),
('54934727d8e7caf7bd13f55bd503d3bf', '2017', 'WAKIL WALIKOTA', '', '2021-07-19 02:40:43'),
('927406bdc77d34b43b64bb70849686f4', '2018', 'WAKIL WALIKOTA', '', '2021-07-19 02:40:43'),
('798d5fc251d2eeab4b76c59524f471af', '2019', 'WAKIL WALIKOTA', '', '2021-07-19 02:40:43'),
('835002034a1e0fc76d83dcecd6d4c88b', '2020', 'WAKIL WALIKOTA', '', '2021-07-19 02:40:43'),
('5a4e2c6c8fab50e4e971eaf37c15401c', '2021', 'WAKIL WALIKOTA', '0', '2021-07-19 02:40:43'),
('3283fa71cdb234299df4420256da88bc', '2017', 'WALIKOTA', '', '2021-07-19 02:40:43'),
('932e6fe70fe993b61bef4cd613c8bb5c', '2018', 'WALIKOTA', '', '2021-07-19 02:40:43'),
('9b698dae4d5c3a92d9538fde83834cff', '2019', 'WALIKOTA', '', '2021-07-19 02:40:43'),
('6054e60085eee6aca93e25418143311d', '2020', 'WALIKOTA', '', '2021-07-19 02:40:43'),
('5c5e400e89d5434cbb64f485fb7e1197', '2021', 'WALIKOTA', '4850000', '2021-07-19 02:40:43');

-- --------------------------------------------------------

--
-- Struktur dari tabel `m_bagian`
--

CREATE TABLE `m_bagian` (
  `kd` varchar(50) NOT NULL,
  `kode` varchar(100) DEFAULT NULL,
  `nama` varchar(100) DEFAULT NULL,
  `postdate` datetime DEFAULT NULL
) ENGINE=MyISAM DEFAULT CHARSET=latin1;

--
-- Dumping data untuk tabel `m_bagian`
--

INSERT INTO `m_bagian` (`kd`, `kode`, `nama`, `postdate`) VALUES
('3494347194dd61359a745d9550e3b6ca', 'KEU', 'Tata Usaha', '2021-01-04 20:10:38'),
('704bd1257d775f0b5244b9d1837e394e', 'UMUM', 'Umum', '2021-01-04 20:10:24'),
('4fee6fb071e5708c148598efb76c73b4', 'HUKUM', 'Hukum', '2021-01-04 20:11:00'),
('9c4a0b58021fa58276472264b8acda0f', 'PEM', 'Pemerintahan Umum', '2021-01-04 20:11:16'),
('e23ce2632badb428a0db2947d04aa30f', 'HUMAS', 'Humas dan Protokol', '2021-01-06 03:23:02'),
('911a2a24408290a19c644537f3f66cf6', 'SOSIAL', 'Sosial dan Ekonomi', '2021-01-06 03:23:20'),
('f5e88c1ce2ee620fffe6478073d5528d', 'EKO', 'Ekonomi', '2021-01-06 03:23:28'),
('cec5648084a86da0fad718f522c603ee', 'ORTAL', 'Organisasi', '2021-01-06 03:23:40');

-- --------------------------------------------------------

--
-- Struktur dari tabel `m_beban`
--

CREATE TABLE `m_beban` (
  `kd` varchar(50) NOT NULL DEFAULT '',
  `kode` varchar(100) DEFAULT NULL,
  `nama` varchar(100) DEFAULT NULL,
  `postdate` datetime DEFAULT NULL
) ENGINE=MyISAM DEFAULT CHARSET=latin1;

--
-- Dumping data untuk tabel `m_beban`
--

INSERT INTO `m_beban` (`kd`, `kode`, `nama`, `postdate`) VALUES
('b483abd7f18e75a9c08eb232f5af42e5', 'B001', 'Sekretariat Daerah', '2021-01-06 09:25:00');

-- --------------------------------------------------------

--
-- Struktur dari tabel `m_dari`
--

CREATE TABLE `m_dari` (
  `kd` varchar(50) NOT NULL,
  `nama` varchar(100) DEFAULT NULL,
  `postdate` datetime DEFAULT NULL
) ENGINE=MyISAM DEFAULT CHARSET=latin1;

-- --------------------------------------------------------

--
-- Struktur dari tabel `m_eselon`
--

CREATE TABLE `m_eselon` (
  `kd` varchar(50) NOT NULL,
  `kode` varchar(100) DEFAULT NULL,
  `nama` varchar(100) DEFAULT NULL,
  `ket` varchar(100) DEFAULT NULL,
  `postdate` datetime DEFAULT NULL
) ENGINE=MyISAM DEFAULT CHARSET=latin1;

--
-- Dumping data untuk tabel `m_eselon`
--

INSERT INTO `m_eselon` (`kd`, `kode`, `nama`, `ket`, `postdate`) VALUES
('9a0dec169a8f6ee6feb08034c27b38c3', 'E001', 'Walikota xgmringx Wawali xgmringx Pimp. DPRD', 'xstrix', '2021-01-06 09:19:49'),
('829e032d9653ee77b6236b810630190b', 'E002', 'Eselon II xgmringx Anggota DPRD', 'xstrix', '2021-01-06 09:20:03'),
('3e4606fb8bdf878c5f05eb042c15e46f', 'E003', 'Eselon III', 'xstrix', '2021-01-06 09:20:17'),
('6caa1e8ed438d469a5a6300391e13868', 'E004', 'Eselon IV', 'xstrix', '2021-01-06 09:20:27'),
('078fdd7c580a7970be711919df693e97', 'E005', 'xstrix', 'xstrix', '2021-01-06 09:20:37'),
('00ac1ba0c8e2940b807fe9536b4c572a', 'E006', 'Eselon II a', 'Sekretaris Daerah', '2021-01-06 09:20:46');

-- --------------------------------------------------------

--
-- Struktur dari tabel `m_gol_pangkat`
--

CREATE TABLE `m_gol_pangkat` (
  `kd` varchar(50) NOT NULL,
  `kode` varchar(100) DEFAULT NULL,
  `golongan` varchar(100) DEFAULT NULL,
  `nama` varchar(100) DEFAULT NULL,
  `postdate` datetime DEFAULT NULL
) ENGINE=MyISAM DEFAULT CHARSET=latin1;

--
-- Dumping data untuk tabel `m_gol_pangkat`
--

INSERT INTO `m_gol_pangkat` (`kd`, `kode`, `golongan`, `nama`, `postdate`) VALUES
('65b03afe31635a7d32e8e5853c85c851', 'P001', 'IxgmringxA', 'Juru Muda', '2021-01-06 09:11:53'),
('f87042351b26c68d750d82bc71cba15e', 'P002', 'IxgmringxB', 'Juru Muda Tingkat I', '2021-01-06 09:12:06'),
('b9510b79145c4343f38926af7de8feec', 'P003', 'IxgmringxC', 'Juru', '2021-01-06 09:12:18'),
('f6d41083196aa678fc101711532c3618', 'P004', 'IxgmringxD', 'Juru Tingkat I', '2021-01-06 09:12:31'),
('c1ba955b079a48d9d53a492e48250eec', 'P005', 'IIxgmringxA', 'Pengatur Muda', '2021-01-06 09:12:47'),
('6600b386afef66e620ea9c444b4e4377', 'P006', 'IIxgmringxB', 'Pengatur Muda Tingkat I', '2021-01-06 09:12:58'),
('e539fedee2b7ff0ac281bd98ec4057af', 'P007', 'IIxgmringxC', 'Pengatur', '2021-01-06 09:13:13'),
('cda4772eaf058468a1d66d51ed73c066', 'P008', 'IIxgmringxD', 'Pengatur Tingkat I', '2021-01-06 09:13:26'),
('21fe6dd6185fdf1038d5f05f659efe78', 'P009', 'IIIxgmringxA', 'Penata Muda', '2021-01-06 09:13:48'),
('e11b56c34ec1a7e956a728953ec39e28', 'P010', 'IIIxgmringxB', 'Penata Muda Tingkat I', '2021-01-06 09:14:03'),
('0bbef08df1f5ffc10c57770e7fe71df1', 'P011', 'IIIxgmringxC', 'Penata', '2021-01-06 09:14:11'),
('8f631cc5fb343436cef79b5125eb4d46', 'P012', 'IIIxgmringxD', 'Penata Tingkat I', '2021-01-06 09:14:18'),
('8638393b7eafa6df860652c242d8c387', 'P013', 'IVxgmringxA', 'Pembina', '2021-01-06 09:14:25'),
('e025b0704d6c62cf61154ef42b6f0a30', 'P014', 'IVxgmringxB', 'Pembina Tingkat I', '2021-01-06 09:14:34'),
('1229a8ad23d791874caa1a2276c1bfd6', 'P015', 'IVxgmringxC', 'Pembina Utama Muda', '2021-01-06 09:14:42'),
('244005a94afdc42327ac9403097347eb', 'P016', 'IVxgmringxD', 'Pembina Utama Madya', '2021-01-06 09:14:52'),
('52f64b1b6e0f4d8b2d0dc80ecd9ec4b1', 'P017', 'IVxgmringxE', 'Pembina Utama', '2021-01-06 09:15:01'),
('ee985eeb0cb157d416351c5470c6947f', 'P019', 'WALIKOTA', 'WALIKOTA', '2021-06-24 03:57:47'),
('0946336b9e7f5475fa9bcaf53fdf9e47', 'P018', 'NON PNS', 'NON PNS', '2021-01-06 09:15:11'),
('8d293efa12132f9403a78865115a8275', 'P20', 'WAWALI', 'WAKIL WALIKOTA', '2021-06-24 03:58:20');

-- --------------------------------------------------------

--
-- Struktur dari tabel `m_jabatan`
--

CREATE TABLE `m_jabatan` (
  `kd` varchar(50) NOT NULL,
  `kode` varchar(100) DEFAULT NULL,
  `nama` varchar(100) DEFAULT NULL,
  `jenis` varchar(100) DEFAULT NULL,
  `postdate` datetime DEFAULT NULL
) ENGINE=MyISAM DEFAULT CHARSET=latin1;

--
-- Dumping data untuk tabel `m_jabatan`
--

INSERT INTO `m_jabatan` (`kd`, `kode`, `nama`, `jenis`, `postdate`) VALUES
('bae657e2e5705bed2ba2126449615df7', '001', 'WALIKOTA', 'Struktural', '2021-01-04 20:12:07'),
('b148ec9f4c4196541dc2a2160e9babdb', '002', 'WAKIL WALIKOTA', 'Struktural', '2021-01-04 20:12:32'),
('50886b3b392bf5016d2b51f4a8d28e51', '003', 'STAF AHLI BIDANG HUKUM DAN POLITIK', 'Struktural', '2021-01-04 20:12:52'),
('e3d25ede18ba6745590edfd6c2a1d4b0', '004', 'STAF AHLI BIDANG PEMBANGUNAN', 'Struktural', '2021-01-04 20:13:39'),
('136493b6154a11bd00b7410db83d70a8', '005', 'STAF AHLI BIDANG PEMBANGUNAN, KEMASYARAKATAN DAN SUMBER DAYA MANUSIA', 'Struktural', '2021-01-04 20:14:25'),
('050a99048e5e43ba16cb35be809f416a', '006', 'STAF AHLI BIDANG EKONOMI DAN KEUANGAN', 'Struktural', '2021-01-04 20:14:44'),
('b2047831ab5bf88e05d5f615086a1842', '007', 'SEKRETARIS DAERAH', 'Struktural', '2021-01-04 20:15:53'),
('f1a2dbd622fe2bef4e46608ce4ced4f8', '008', 'ASISTEN ADMINISTRASI PEMERINTAHAN', 'Struktural', '2021-01-04 20:16:19'),
('b72a995f2909a6a2c16ffda4b234e882', '009', 'KEPALA BAGIAN UMUM', 'Struktural', '2021-06-29 00:50:31'),
('bf1b6fb44e3d2b92bb3137246eccf8e3', '010', 'KEPALA SUB BAGIAN PERLENGKAPAN', 'Struktural', '2021-06-29 00:51:08'),
('839c10b9121e60285ce1f0c54022f05e', '011', 'KEPALA SUB BAGIAN TATA USAHA', 'Struktural', '2021-06-29 00:51:32'),
('a4bfb71bc982b528dc49ff537b989c00', '012', 'KEPALA SUB BAGIAN PELAPORAN', 'Struktural', '2021-06-29 00:51:57'),
('25794829eba625d6b7c8f9ee98353fc5', '013', 'STAF BAGIAN UMUM', 'Non Struktural', '2021-06-29 00:53:09');

-- --------------------------------------------------------

--
-- Struktur dari tabel `m_jabatan_perintah`
--

CREATE TABLE `m_jabatan_perintah` (
  `kd` varchar(50) NOT NULL,
  `kode` varchar(100) DEFAULT NULL,
  `nama` varchar(100) DEFAULT NULL,
  `postdate` datetime DEFAULT NULL
) ENGINE=MyISAM DEFAULT CHARSET=latin1;

--
-- Dumping data untuk tabel `m_jabatan_perintah`
--

INSERT INTO `m_jabatan_perintah` (`kd`, `kode`, `nama`, `postdate`) VALUES
('02fcdd62af73a8ab982d1391d5ac3b2a', 'P001', 'Sekretaris Daerah', '2021-01-06 07:29:53'),
('450e32e2bbc662bccc29cb3165656280', 'P002', 'Plt. Sekretaris Daerah', '2021-01-06 07:30:14'),
('d50f9f50aaf8f8a0d9be9da5126d9460', 'P003', 'Walikota', '2021-01-06 07:30:24'),
('9ca4fa5837eede690cdb951fcfe7572d', 'P004', 'Pj. Sekretaris Daerah', '2021-01-06 07:30:43'),
('5e74587c8f39d0f7d9b9e4f0097d5242', 'P005', 'Wakil Walikota', '2021-01-06 07:30:54'),
('efa81823452ab04656f716b061c4277d', 'P006', 'Plt. Wakil Walikota', '2021-01-06 07:31:17'),
('98366c053079ccb9b4a57afff6ce43a4', '111', '111', '2021-05-25 06:28:17');

-- --------------------------------------------------------

--
-- Struktur dari tabel `m_jabatan_ttd`
--

CREATE TABLE `m_jabatan_ttd` (
  `kd` varchar(50) NOT NULL,
  `kode` varchar(100) DEFAULT NULL,
  `nama` varchar(100) DEFAULT NULL,
  `postdate` datetime DEFAULT NULL
) ENGINE=MyISAM DEFAULT CHARSET=latin1;

--
-- Dumping data untuk tabel `m_jabatan_ttd`
--

INSERT INTO `m_jabatan_ttd` (`kd`, `kode`, `nama`, `postdate`) VALUES
('e87a8d63341baaab5ed1aaf921e71add', 'PPTK', 'Pejabat Pelaksana Teknik Kegiatan', '2021-01-06 07:33:48'),
('5dac830afb41430eb9d8f25bc692fe1c', 'KPA', 'Kuasa Pengguna Anggaran', '2021-01-06 07:33:58'),
('6ef42a7d228091040f4505a74cb2d28c', 'Bendahara', 'Bendahara Pengeluaran', '2021-01-06 07:34:07'),
('4158bb62deeae5d48ae10cdd83979778', 'KTU', 'Kepala Bagian Tata Usaha', '2021-06-23 02:32:59'),
('00479b550c7ed6cc886b1077843a1930', 'SETDA', 'Sekretaris Daerah', '2021-06-23 04:16:05');

-- --------------------------------------------------------

--
-- Struktur dari tabel `m_jenis_transport`
--

CREATE TABLE `m_jenis_transport` (
  `kd` varchar(50) NOT NULL,
  `kode` varchar(100) DEFAULT NULL,
  `nama` varchar(100) DEFAULT NULL,
  `postdate` datetime DEFAULT NULL
) ENGINE=MyISAM DEFAULT CHARSET=latin1;

--
-- Dumping data untuk tabel `m_jenis_transport`
--

INSERT INTO `m_jenis_transport` (`kd`, `kode`, `nama`, `postdate`) VALUES
('0da9f225820fb61b2f8cbe2e3e73064a', '2', 'Kendaraan Dinas', '2021-01-04 20:18:02'),
('bb2aa41ab35bfe21e621ddc737cd642b', '1', 'Kapal Laut', '2021-01-04 20:17:28'),
('3cf0659f9aae6a3c1873c16f912ea4e2', '3', 'Kendaraan Umum', '2021-01-04 20:18:11'),
('98cd1ea7f77b86e3be78e1843956f2f6', '4', 'Pesawat', '2021-01-04 20:18:20');

-- --------------------------------------------------------

--
-- Struktur dari tabel `m_kategori_dinas`
--

CREATE TABLE `m_kategori_dinas` (
  `kd` varchar(50) NOT NULL DEFAULT '',
  `nama` varchar(100) DEFAULT NULL,
  `postdate` datetime DEFAULT NULL
) ENGINE=MyISAM DEFAULT CHARSET=latin1;

--
-- Dumping data untuk tabel `m_kategori_dinas`
--

INSERT INTO `m_kategori_dinas` (`kd`, `nama`, `postdate`) VALUES
('c4ca4238a0b923820dcc509a6f75849b', 'Dinas LD', '2021-01-02 00:00:00'),
('c81e728d9d4c2f636f067f89cc14862c', 'Dinas DD', '2021-01-02 00:00:00');

-- --------------------------------------------------------

--
-- Struktur dari tabel `m_kegiatan`
--

CREATE TABLE `m_kegiatan` (
  `kd` varchar(50) NOT NULL,
  `kode` varchar(50) DEFAULT NULL,
  `nama` varchar(100) DEFAULT NULL,
  `postdate` datetime DEFAULT NULL
) ENGINE=MyISAM DEFAULT CHARSET=latin1;

--
-- Dumping data untuk tabel `m_kegiatan`
--

INSERT INTO `m_kegiatan` (`kd`, `kode`, `nama`, `postdate`) VALUES
('687220e6661d188895cdbc70525f0d48', '1', 'RapatxstrixRapat Koordinasi dan Konsultasi', '2021-01-31 02:20:25'),
('44a6df7ec43a4d23eb47ba36748951c5', '2', 'Pendidikan dan Pelatihan Formal', '2021-01-31 02:20:40'),
('4b73864f270bd2f8f69243f4cfdb4ddc', '3', 'Pelatihan', '2021-01-31 02:20:49');

-- --------------------------------------------------------

--
-- Struktur dari tabel `m_kota`
--

CREATE TABLE `m_kota` (
  `kd` varchar(50) COLLATE utf8_unicode_ci NOT NULL,
  `prop_kd` varchar(100) COLLATE utf8_unicode_ci DEFAULT NULL,
  `nama` varchar(255) COLLATE utf8_unicode_ci DEFAULT NULL,
  `postdate` datetime DEFAULT NULL
) ENGINE=MyISAM DEFAULT CHARSET=utf8 COLLATE=utf8_unicode_ci;

--
-- Dumping data untuk tabel `m_kota`
--

INSERT INTO `m_kota` (`kd`, `prop_kd`, `nama`, `postdate`) VALUES
('1101', '11', 'KABUPATEN SIMEULUE', NULL),
('1102', '11', 'KABUPATEN ACEH SINGKIL', NULL),
('1103', '11', 'KABUPATEN ACEH SELATAN', NULL),
('1104', '11', 'KABUPATEN ACEH TENGGARA', NULL),
('1105', '11', 'KABUPATEN ACEH TIMUR', NULL),
('1106', '11', 'KABUPATEN ACEH TENGAH', NULL),
('1107', '11', 'KABUPATEN ACEH BARAT', NULL),
('1108', '11', 'KABUPATEN ACEH BESAR', NULL),
('1109', '11', 'KABUPATEN PIDIE', NULL),
('1110', '11', 'KABUPATEN BIREUEN', NULL),
('1111', '11', 'KABUPATEN ACEH UTARA', NULL),
('1112', '11', 'KABUPATEN ACEH BARAT DAYA', NULL),
('1113', '11', 'KABUPATEN GAYO LUES', NULL),
('1114', '11', 'KABUPATEN ACEH TAMIANG', NULL),
('1115', '11', 'KABUPATEN NAGAN RAYA', NULL),
('1116', '11', 'KABUPATEN ACEH JAYA', NULL),
('1117', '11', 'KABUPATEN BENER MERIAH', NULL),
('1118', '11', 'KABUPATEN PIDIE JAYA', NULL),
('1171', '11', 'KOTA BANDA ACEH', NULL),
('1172', '11', 'KOTA SABANG', NULL),
('1173', '11', 'KOTA LANGSA', NULL),
('1174', '11', 'KOTA LHOKSEUMAWE', NULL),
('1175', '11', 'KOTA SUBULUSSALAM', NULL),
('1201', '12', 'KABUPATEN NIAS', NULL),
('1202', '12', 'KABUPATEN MANDAILING NATAL', NULL),
('1203', '12', 'KABUPATEN TAPANULI SELATAN', NULL),
('1204', '12', 'KABUPATEN TAPANULI TENGAH', NULL),
('1205', '12', 'KABUPATEN TAPANULI UTARA', NULL),
('1206', '12', 'KABUPATEN TOBA SAMOSIR', NULL),
('1207', '12', 'KABUPATEN LABUHAN BATU', NULL),
('1208', '12', 'KABUPATEN ASAHAN', NULL),
('1209', '12', 'KABUPATEN SIMALUNGUN', NULL),
('1210', '12', 'KABUPATEN DAIRI', NULL),
('1211', '12', 'KABUPATEN KARO', NULL),
('1212', '12', 'KABUPATEN DELI SERDANG', NULL),
('1213', '12', 'KABUPATEN LANGKAT', NULL),
('1214', '12', 'KABUPATEN NIAS SELATAN', NULL),
('1215', '12', 'KABUPATEN HUMBANG HASUNDUTAN', NULL),
('1216', '12', 'KABUPATEN PAKPAK BHARAT', NULL),
('1217', '12', 'KABUPATEN SAMOSIR', NULL),
('1218', '12', 'KABUPATEN SERDANG BEDAGAI', NULL),
('1219', '12', 'KABUPATEN BATU BARA', NULL),
('1220', '12', 'KABUPATEN PADANG LAWAS UTARA', NULL),
('1221', '12', 'KABUPATEN PADANG LAWAS', NULL),
('1222', '12', 'KABUPATEN LABUHAN BATU SELATAN', NULL),
('1223', '12', 'KABUPATEN LABUHAN BATU UTARA', NULL),
('1224', '12', 'KABUPATEN NIAS UTARA', NULL),
('1225', '12', 'KABUPATEN NIAS BARAT', NULL),
('1271', '12', 'KOTA SIBOLGA', NULL),
('1272', '12', 'KOTA TANJUNG BALAI', NULL),
('1273', '12', 'KOTA PEMATANG SIANTAR', NULL),
('1274', '12', 'KOTA TEBING TINGGI', NULL),
('1275', '12', 'KOTA MEDAN', NULL),
('1276', '12', 'KOTA BINJAI', NULL),
('1277', '12', 'KOTA PADANGSIDIMPUAN', NULL),
('1278', '12', 'KOTA GUNUNGSITOLI', NULL),
('1301', '13', 'KABUPATEN KEPULAUAN MENTAWAI', NULL),
('1302', '13', 'KABUPATEN PESISIR SELATAN', NULL),
('1303', '13', 'KABUPATEN SOLOK', NULL),
('1304', '13', 'KABUPATEN SIJUNJUNG', NULL),
('1305', '13', 'KABUPATEN TANAH DATAR', NULL),
('1306', '13', 'KABUPATEN PADANG PARIAMAN', NULL),
('1307', '13', 'KABUPATEN AGAM', NULL),
('1308', '13', 'KABUPATEN LIMA PULUH KOTA', NULL),
('1309', '13', 'KABUPATEN PASAMAN', NULL),
('1310', '13', 'KABUPATEN SOLOK SELATAN', NULL),
('1311', '13', 'KABUPATEN DHARMASRAYA', NULL),
('1312', '13', 'KABUPATEN PASAMAN BARAT', NULL),
('1371', '13', 'KOTA PADANG', NULL),
('1372', '13', 'KOTA SOLOK', NULL),
('1373', '13', 'KOTA SAWAH LUNTO', NULL),
('1374', '13', 'KOTA PADANG PANJANG', NULL),
('1375', '13', 'KOTA BUKITTINGGI', NULL),
('1376', '13', 'KOTA PAYAKUMBUH', NULL),
('1377', '13', 'KOTA PARIAMAN', NULL),
('1401', '14', 'KABUPATEN KUANTAN SINGINGI', NULL),
('1402', '14', 'KABUPATEN INDRAGIRI HULU', NULL),
('1403', '14', 'KABUPATEN INDRAGIRI HILIR', NULL),
('1404', '14', 'KABUPATEN PELALAWAN', NULL),
('1405', '14', 'KABUPATEN S I A K', NULL),
('1406', '14', 'KABUPATEN KAMPAR', NULL),
('1407', '14', 'KABUPATEN ROKAN HULU', NULL),
('1408', '14', 'KABUPATEN BENGKALIS', NULL),
('1409', '14', 'KABUPATEN ROKAN HILIR', NULL),
('1410', '14', 'KABUPATEN KEPULAUAN MERANTI', NULL),
('1471', '14', 'KOTA PEKANBARU', NULL),
('1473', '14', 'KOTA D U M A I', NULL),
('1501', '15', 'KABUPATEN KERINCI', NULL),
('1502', '15', 'KABUPATEN MERANGIN', NULL),
('1503', '15', 'KABUPATEN SAROLANGUN', NULL),
('1504', '15', 'KABUPATEN BATANG HARI', NULL),
('1505', '15', 'KABUPATEN MUARO JAMBI', NULL),
('1506', '15', 'KABUPATEN TANJUNG JABUNG TIMUR', NULL),
('1507', '15', 'KABUPATEN TANJUNG JABUNG BARAT', NULL),
('1508', '15', 'KABUPATEN TEBO', NULL),
('1509', '15', 'KABUPATEN BUNGO', NULL),
('1571', '15', 'KOTA JAMBI', NULL),
('1572', '15', 'KOTA SUNGAI PENUH', NULL),
('1601', '16', 'KABUPATEN OGAN KOMERING ULU', NULL),
('1602', '16', 'KABUPATEN OGAN KOMERING ILIR', NULL),
('1603', '16', 'KABUPATEN MUARA ENIM', NULL),
('1604', '16', 'KABUPATEN LAHAT', NULL),
('1605', '16', 'KABUPATEN MUSI RAWAS', NULL),
('1606', '16', 'KABUPATEN MUSI BANYUASIN', NULL),
('1607', '16', 'KABUPATEN BANYU ASIN', NULL),
('1608', '16', 'KABUPATEN OGAN KOMERING ULU SELATAN', NULL),
('1609', '16', 'KABUPATEN OGAN KOMERING ULU TIMUR', NULL),
('1610', '16', 'KABUPATEN OGAN ILIR', NULL),
('1611', '16', 'KABUPATEN EMPAT LAWANG', NULL),
('1612', '16', 'KABUPATEN PENUKAL ABAB LEMATANG ILIR', NULL),
('1613', '16', 'KABUPATEN MUSI RAWAS UTARA', NULL),
('1671', '16', 'KOTA PALEMBANG', NULL),
('1672', '16', 'KOTA PRABUMULIH', NULL),
('1673', '16', 'KOTA PAGAR ALAM', NULL),
('1674', '16', 'KOTA LUBUKLINGGAU', NULL),
('1701', '17', 'KABUPATEN BENGKULU SELATAN', NULL),
('1702', '17', 'KABUPATEN REJANG LEBONG', NULL),
('1703', '17', 'KABUPATEN BENGKULU UTARA', NULL),
('1704', '17', 'KABUPATEN KAUR', NULL),
('1705', '17', 'KABUPATEN SELUMA', NULL),
('1706', '17', 'KABUPATEN MUKOMUKO', NULL),
('1707', '17', 'KABUPATEN LEBONG', NULL),
('1708', '17', 'KABUPATEN KEPAHIANG', NULL),
('1709', '17', 'KABUPATEN BENGKULU TENGAH', NULL),
('1771', '17', 'KOTA BENGKULU', NULL),
('1801', '18', 'KABUPATEN LAMPUNG BARAT', NULL),
('1802', '18', 'KABUPATEN TANGGAMUS', NULL),
('1803', '18', 'KABUPATEN LAMPUNG SELATAN', NULL),
('1804', '18', 'KABUPATEN LAMPUNG TIMUR', NULL),
('1805', '18', 'KABUPATEN LAMPUNG TENGAH', NULL),
('1806', '18', 'KABUPATEN LAMPUNG UTARA', NULL),
('1807', '18', 'KABUPATEN WAY KANAN', NULL),
('1808', '18', 'KABUPATEN TULANGBAWANG', NULL),
('1809', '18', 'KABUPATEN PESAWARAN', NULL),
('1810', '18', 'KABUPATEN PRINGSEWU', NULL),
('1811', '18', 'KABUPATEN MESUJI', NULL),
('1812', '18', 'KABUPATEN TULANG BAWANG BARAT', NULL),
('1813', '18', 'KABUPATEN PESISIR BARAT', NULL),
('1871', '18', 'KOTA BANDAR LAMPUNG', NULL),
('1872', '18', 'KOTA METRO', NULL),
('1901', '19', 'KABUPATEN BANGKA', NULL),
('1902', '19', 'KABUPATEN BELITUNG', NULL),
('1903', '19', 'KABUPATEN BANGKA BARAT', NULL),
('1904', '19', 'KABUPATEN BANGKA TENGAH', NULL),
('1905', '19', 'KABUPATEN BANGKA SELATAN', NULL),
('1906', '19', 'KABUPATEN BELITUNG TIMUR', NULL),
('1971', '19', 'KOTA PANGKAL PINANG', NULL),
('2101', '21', 'KABUPATEN KARIMUN', NULL),
('2102', '21', 'KABUPATEN BINTAN', NULL),
('2103', '21', 'KABUPATEN NATUNA', NULL),
('2104', '21', 'KABUPATEN LINGGA', NULL),
('2105', '21', 'KABUPATEN KEPULAUAN ANAMBAS', NULL),
('2171', '21', 'KOTA B A T A M', NULL),
('2172', '21', 'KOTA TANJUNG PINANG', NULL),
('3101', '31', 'KABUPATEN KEPULAUAN SERIBU', NULL),
('3171', '31', 'KOTA JAKARTA SELATAN', NULL),
('3172', '31', 'KOTA JAKARTA TIMUR', NULL),
('3173', '31', 'KOTA JAKARTA PUSAT', NULL),
('3174', '31', 'KOTA JAKARTA BARAT', NULL),
('3175', '31', 'KOTA JAKARTA UTARA', NULL),
('3201', '32', 'KABUPATEN BOGOR', NULL),
('3202', '32', 'KABUPATEN SUKABUMI', NULL),
('3203', '32', 'KABUPATEN CIANJUR', NULL),
('3204', '32', 'KABUPATEN BANDUNG', NULL),
('3205', '32', 'KABUPATEN GARUT', NULL),
('3206', '32', 'KABUPATEN TASIKMALAYA', NULL),
('3207', '32', 'KABUPATEN CIAMIS', NULL),
('3208', '32', 'KABUPATEN KUNINGAN', NULL),
('3209', '32', 'KABUPATEN CIREBON', NULL),
('3210', '32', 'KABUPATEN MAJALENGKA', NULL),
('3211', '32', 'KABUPATEN SUMEDANG', NULL),
('3212', '32', 'KABUPATEN INDRAMAYU', NULL),
('3213', '32', 'KABUPATEN SUBANG', NULL),
('3214', '32', 'KABUPATEN PURWAKARTA', NULL),
('3215', '32', 'KABUPATEN KARAWANG', NULL),
('3216', '32', 'KABUPATEN BEKASI', NULL),
('3217', '32', 'KABUPATEN BANDUNG BARAT', NULL),
('3218', '32', 'KABUPATEN PANGANDARAN', NULL),
('3271', '32', 'KOTA BOGOR', NULL),
('3272', '32', 'KOTA SUKABUMI', NULL),
('3273', '32', 'KOTA BANDUNG', NULL),
('3274', '32', 'KOTA CIREBON', NULL),
('3275', '32', 'KOTA BEKASI', NULL),
('3276', '32', 'KOTA DEPOK', NULL),
('3277', '32', 'KOTA CIMAHI', NULL),
('3278', '32', 'KOTA TASIKMALAYA', NULL),
('3279', '32', 'KOTA BANJAR', NULL),
('3301', '33', 'KABUPATEN CILACAP', NULL),
('3302', '33', 'KABUPATEN BANYUMAS', NULL),
('3303', '33', 'KABUPATEN PURBALINGGA', NULL),
('3304', '33', 'KABUPATEN BANJARNEGARA', NULL),
('3305', '33', 'KABUPATEN KEBUMEN', NULL),
('3306', '33', 'KABUPATEN PURWOREJO', NULL),
('3307', '33', 'KABUPATEN WONOSOBO', NULL),
('3308', '33', 'KABUPATEN MAGELANG', NULL),
('3309', '33', 'KABUPATEN BOYOLALI', NULL),
('3310', '33', 'KABUPATEN KLATEN', NULL),
('3311', '33', 'KABUPATEN SUKOHARJO', NULL),
('3312', '33', 'KABUPATEN WONOGIRI', NULL),
('3313', '33', 'KABUPATEN KARANGANYAR', NULL),
('3314', '33', 'KABUPATEN SRAGEN', NULL),
('3315', '33', 'KABUPATEN GROBOGAN', NULL),
('3316', '33', 'KABUPATEN BLORA', NULL),
('3317', '33', 'KABUPATEN REMBANG', NULL),
('3318', '33', 'KABUPATEN PATI', NULL),
('3319', '33', 'KABUPATEN KUDUS', NULL),
('3320', '33', 'KABUPATEN JEPARA', NULL),
('3321', '33', 'KABUPATEN DEMAK', NULL),
('3322', '33', 'KABUPATEN SEMARANG', NULL),
('3323', '33', 'KABUPATEN TEMANGGUNG', NULL),
('3324', '33', 'KABUPATEN KENDAL', NULL),
('3325', '33', 'KABUPATEN BATANG', NULL),
('3326', '33', 'KABUPATEN PEKALONGAN', NULL),
('3327', '33', 'KABUPATEN PEMALANG', NULL),
('3328', '33', 'KABUPATEN TEGAL', NULL),
('3329', '33', 'KABUPATEN BREBES', NULL),
('3371', '33', 'KOTA MAGELANG', NULL),
('3372', '33', 'KOTA SURAKARTA', NULL),
('3373', '33', 'KOTA SALATIGA', NULL),
('3374', '33', 'KOTA SEMARANG', NULL),
('3375', '33', 'KOTA PEKALONGAN', NULL),
('3376', '33', 'KOTA TEGAL', NULL),
('3401', '34', 'KABUPATEN KULON PROGO', NULL),
('3402', '34', 'KABUPATEN BANTUL', NULL),
('3403', '34', 'KABUPATEN GUNUNG KIDUL', NULL),
('3404', '34', 'KABUPATEN SLEMAN', NULL),
('3471', '34', 'KOTA YOGYAKARTA', NULL),
('3501', '35', 'KABUPATEN PACITAN', NULL),
('3502', '35', 'KABUPATEN PONOROGO', NULL),
('3503', '35', 'KABUPATEN TRENGGALEK', NULL),
('3504', '35', 'KABUPATEN TULUNGAGUNG', NULL),
('3505', '35', 'KABUPATEN BLITAR', NULL),
('3506', '35', 'KABUPATEN KEDIRI', NULL),
('3507', '35', 'KABUPATEN MALANG', NULL),
('3508', '35', 'KABUPATEN LUMAJANG', NULL),
('3509', '35', 'KABUPATEN JEMBER', NULL),
('3510', '35', 'KABUPATEN BANYUWANGI', NULL),
('3511', '35', 'KABUPATEN BONDOWOSO', NULL),
('3512', '35', 'KABUPATEN SITUBONDO', NULL),
('3513', '35', 'KABUPATEN PROBOLINGGO', NULL),
('3514', '35', 'KABUPATEN PASURUAN', NULL),
('3515', '35', 'KABUPATEN SIDOARJO', NULL),
('3516', '35', 'KABUPATEN MOJOKERTO', NULL),
('3517', '35', 'KABUPATEN JOMBANG', NULL),
('3518', '35', 'KABUPATEN NGANJUK', NULL),
('3519', '35', 'KABUPATEN MADIUN', NULL),
('3520', '35', 'KABUPATEN MAGETAN', NULL),
('3521', '35', 'KABUPATEN NGAWI', NULL),
('3522', '35', 'KABUPATEN BOJONEGORO', NULL),
('3523', '35', 'KABUPATEN TUBAN', NULL),
('3524', '35', 'KABUPATEN LAMONGAN', NULL),
('3525', '35', 'KABUPATEN GRESIK', NULL),
('3526', '35', 'KABUPATEN BANGKALAN', NULL),
('3527', '35', 'KABUPATEN SAMPANG', NULL),
('3528', '35', 'KABUPATEN PAMEKASAN', NULL),
('3529', '35', 'KABUPATEN SUMENEP', NULL),
('3571', '35', 'KOTA KEDIRI', NULL),
('3572', '35', 'KOTA BLITAR', NULL),
('3573', '35', 'KOTA MALANG', NULL),
('3574', '35', 'KOTA PROBOLINGGO', NULL),
('3575', '35', 'KOTA PASURUAN', NULL),
('3576', '35', 'KOTA MOJOKERTO', NULL),
('3577', '35', 'KOTA MADIUN', NULL),
('3578', '35', 'KOTA SURABAYA', NULL),
('3579', '35', 'KOTA BATU', NULL),
('3601', '36', 'KABUPATEN PANDEGLANG', NULL),
('3602', '36', 'KABUPATEN LEBAK', NULL),
('3603', '36', 'KABUPATEN TANGERANG', NULL),
('3604', '36', 'KABUPATEN SERANG', NULL),
('3671', '36', 'KOTA TANGERANG', NULL),
('3672', '36', 'KOTA CILEGON', NULL),
('3673', '36', 'KOTA SERANG', NULL),
('3674', '36', 'KOTA TANGERANG SELATAN', NULL),
('5101', '51', 'KABUPATEN JEMBRANA', NULL),
('5102', '51', 'KABUPATEN TABANAN', NULL),
('5103', '51', 'KABUPATEN BADUNG', NULL),
('5104', '51', 'KABUPATEN GIANYAR', NULL),
('5105', '51', 'KABUPATEN KLUNGKUNG', NULL),
('5106', '51', 'KABUPATEN BANGLI', NULL),
('5107', '51', 'KABUPATEN KARANG ASEM', NULL),
('5108', '51', 'KABUPATEN BULELENG', NULL),
('5171', '51', 'KOTA DENPASAR', NULL),
('5201', '52', 'KABUPATEN LOMBOK BARAT', NULL),
('5202', '52', 'KABUPATEN LOMBOK TENGAH', NULL),
('5203', '52', 'KABUPATEN LOMBOK TIMUR', NULL),
('5204', '52', 'KABUPATEN SUMBAWA', NULL),
('5205', '52', 'KABUPATEN DOMPU', NULL),
('5206', '52', 'KABUPATEN BIMA', NULL),
('5207', '52', 'KABUPATEN SUMBAWA BARAT', NULL),
('5208', '52', 'KABUPATEN LOMBOK UTARA', NULL),
('5271', '52', 'KOTA MATARAM', NULL),
('5272', '52', 'KOTA BIMA', NULL),
('5301', '53', 'KABUPATEN SUMBA BARAT', NULL),
('5302', '53', 'KABUPATEN SUMBA TIMUR', NULL),
('5303', '53', 'KABUPATEN KUPANG', NULL),
('5304', '53', 'KABUPATEN TIMOR TENGAH SELATAN', NULL),
('5305', '53', 'KABUPATEN TIMOR TENGAH UTARA', NULL),
('5306', '53', 'KABUPATEN BELU', NULL),
('5307', '53', 'KABUPATEN ALOR', NULL),
('5308', '53', 'KABUPATEN LEMBATA', NULL),
('5309', '53', 'KABUPATEN FLORES TIMUR', NULL),
('5310', '53', 'KABUPATEN SIKKA', NULL),
('5311', '53', 'KABUPATEN ENDE', NULL),
('5312', '53', 'KABUPATEN NGADA', NULL),
('5313', '53', 'KABUPATEN MANGGARAI', NULL),
('5314', '53', 'KABUPATEN ROTE NDAO', NULL),
('5315', '53', 'KABUPATEN MANGGARAI BARAT', NULL),
('5316', '53', 'KABUPATEN SUMBA TENGAH', NULL),
('5317', '53', 'KABUPATEN SUMBA BARAT DAYA', NULL),
('5318', '53', 'KABUPATEN NAGEKEO', NULL),
('5319', '53', 'KABUPATEN MANGGARAI TIMUR', NULL),
('5320', '53', 'KABUPATEN SABU RAIJUA', NULL),
('5321', '53', 'KABUPATEN MALAKA', NULL),
('5371', '53', 'KOTA KUPANG', NULL),
('6101', '61', 'KABUPATEN SAMBAS', NULL),
('6102', '61', 'KABUPATEN BENGKAYANG', NULL),
('6103', '61', 'KABUPATEN LANDAK', NULL),
('6104', '61', 'KABUPATEN MEMPAWAH', NULL),
('6105', '61', 'KABUPATEN SANGGAU', NULL),
('6106', '61', 'KABUPATEN KETAPANG', NULL),
('6107', '61', 'KABUPATEN SINTANG', NULL),
('6108', '61', 'KABUPATEN KAPUAS HULU', NULL),
('6109', '61', 'KABUPATEN SEKADAU', NULL),
('6110', '61', 'KABUPATEN MELAWI', NULL),
('6111', '61', 'KABUPATEN KAYONG UTARA', NULL),
('6112', '61', 'KABUPATEN KUBU RAYA', NULL),
('6171', '61', 'KOTA PONTIANAK', NULL),
('6172', '61', 'KOTA SINGKAWANG', NULL),
('6201', '62', 'KABUPATEN KOTAWARINGIN BARAT', NULL),
('6202', '62', 'KABUPATEN KOTAWARINGIN TIMUR', NULL),
('6203', '62', 'KABUPATEN KAPUAS', NULL),
('6204', '62', 'KABUPATEN BARITO SELATAN', NULL),
('6205', '62', 'KABUPATEN BARITO UTARA', NULL),
('6206', '62', 'KABUPATEN SUKAMARA', NULL),
('6207', '62', 'KABUPATEN LAMANDAU', NULL),
('6208', '62', 'KABUPATEN SERUYAN', NULL),
('6209', '62', 'KABUPATEN KATINGAN', NULL),
('6210', '62', 'KABUPATEN PULANG PISAU', NULL),
('6211', '62', 'KABUPATEN GUNUNG MAS', NULL),
('6212', '62', 'KABUPATEN BARITO TIMUR', NULL),
('6213', '62', 'KABUPATEN MURUNG RAYA', NULL),
('6271', '62', 'KOTA PALANGKA RAYA', NULL),
('6301', '63', 'KABUPATEN TANAH LAUT', NULL),
('6302', '63', 'KABUPATEN KOTA BARU', NULL),
('6303', '63', 'KABUPATEN BANJAR', NULL),
('6304', '63', 'KABUPATEN BARITO KUALA', NULL),
('6305', '63', 'KABUPATEN TAPIN', NULL),
('6306', '63', 'KABUPATEN HULU SUNGAI SELATAN', NULL),
('6307', '63', 'KABUPATEN HULU SUNGAI TENGAH', NULL),
('6308', '63', 'KABUPATEN HULU SUNGAI UTARA', NULL),
('6309', '63', 'KABUPATEN TABALONG', NULL),
('6310', '63', 'KABUPATEN TANAH BUMBU', NULL),
('6311', '63', 'KABUPATEN BALANGAN', NULL),
('6371', '63', 'KOTA BANJARMASIN', NULL),
('6372', '63', 'KOTA BANJAR BARU', NULL),
('6401', '64', 'KABUPATEN PASER', NULL),
('6402', '64', 'KABUPATEN KUTAI BARAT', NULL),
('6403', '64', 'KABUPATEN KUTAI KARTANEGARA', NULL),
('6404', '64', 'KABUPATEN KUTAI TIMUR', NULL),
('6405', '64', 'KABUPATEN BERAU', NULL),
('6409', '64', 'KABUPATEN PENAJAM PASER UTARA', NULL),
('6411', '64', 'KABUPATEN MAHAKAM HULU', NULL),
('6471', '64', 'KOTA BALIKPAPAN', NULL),
('6472', '64', 'KOTA SAMARINDA', NULL),
('6474', '64', 'KOTA BONTANG', NULL),
('6501', '65', 'KABUPATEN MALINAU', NULL),
('6502', '65', 'KABUPATEN BULUNGAN', NULL),
('6503', '65', 'KABUPATEN TANA TIDUNG', NULL),
('6504', '65', 'KABUPATEN NUNUKAN', NULL),
('6571', '65', 'KOTA TARAKAN', NULL),
('7101', '71', 'KABUPATEN BOLAANG MONGONDOW', NULL),
('7102', '71', 'KABUPATEN MINAHASA', NULL),
('7103', '71', 'KABUPATEN KEPULAUAN SANGIHE', NULL),
('7104', '71', 'KABUPATEN KEPULAUAN TALAUD', NULL),
('7105', '71', 'KABUPATEN MINAHASA SELATAN', NULL),
('7106', '71', 'KABUPATEN MINAHASA UTARA', NULL),
('7107', '71', 'KABUPATEN BOLAANG MONGONDOW UTARA', NULL),
('7108', '71', 'KABUPATEN SIAU TAGULANDANG BIARO', NULL),
('7109', '71', 'KABUPATEN MINAHASA TENGGARA', NULL),
('7110', '71', 'KABUPATEN BOLAANG MONGONDOW SELATAN', NULL),
('7111', '71', 'KABUPATEN BOLAANG MONGONDOW TIMUR', NULL),
('7171', '71', 'KOTA MANADO', NULL),
('7172', '71', 'KOTA BITUNG', NULL),
('7173', '71', 'KOTA TOMOHON', NULL),
('7174', '71', 'KOTA KOTAMOBAGU', NULL),
('7201', '72', 'KABUPATEN BANGGAI KEPULAUAN', NULL),
('7202', '72', 'KABUPATEN BANGGAI', NULL),
('7203', '72', 'KABUPATEN MOROWALI', NULL),
('7204', '72', 'KABUPATEN POSO', NULL),
('7205', '72', 'KABUPATEN DONGGALA', NULL),
('7206', '72', 'KABUPATEN TOLI-TOLI', NULL),
('7207', '72', 'KABUPATEN BUOL', NULL),
('7208', '72', 'KABUPATEN PARIGI MOUTONG', NULL),
('7209', '72', 'KABUPATEN TOJO UNA-UNA', NULL),
('7210', '72', 'KABUPATEN SIGI', NULL),
('7211', '72', 'KABUPATEN BANGGAI LAUT', NULL),
('7212', '72', 'KABUPATEN MOROWALI UTARA', NULL),
('7271', '72', 'KOTA PALU', NULL),
('7301', '73', 'KABUPATEN KEPULAUAN SELAYAR', NULL),
('7302', '73', 'KABUPATEN BULUKUMBA', NULL),
('7303', '73', 'KABUPATEN BANTAENG', NULL),
('7304', '73', 'KABUPATEN JENEPONTO', NULL),
('7305', '73', 'KABUPATEN TAKALAR', NULL),
('7306', '73', 'KABUPATEN GOWA', NULL),
('7307', '73', 'KABUPATEN SINJAI', NULL),
('7308', '73', 'KABUPATEN MAROS', NULL),
('7309', '73', 'KABUPATEN PANGKAJENE DAN KEPULAUAN', NULL),
('7310', '73', 'KABUPATEN BARRU', NULL),
('7311', '73', 'KABUPATEN BONE', NULL),
('7312', '73', 'KABUPATEN SOPPENG', NULL),
('7313', '73', 'KABUPATEN WAJO', NULL),
('7314', '73', 'KABUPATEN SIDENRENG RAPPANG', NULL),
('7315', '73', 'KABUPATEN PINRANG', NULL),
('7316', '73', 'KABUPATEN ENREKANG', NULL),
('7317', '73', 'KABUPATEN LUWU', NULL),
('7318', '73', 'KABUPATEN TANA TORAJA', NULL),
('7322', '73', 'KABUPATEN LUWU UTARA', NULL),
('7325', '73', 'KABUPATEN LUWU TIMUR', NULL),
('7326', '73', 'KABUPATEN TORAJA UTARA', NULL),
('7371', '73', 'KOTA MAKASSAR', NULL),
('7372', '73', 'KOTA PAREPARE', NULL),
('7373', '73', 'KOTA PALOPO', NULL),
('7401', '74', 'KABUPATEN BUTON', NULL),
('7402', '74', 'KABUPATEN MUNA', NULL),
('7403', '74', 'KABUPATEN KONAWE', NULL),
('7404', '74', 'KABUPATEN KOLAKA', NULL),
('7405', '74', 'KABUPATEN KONAWE SELATAN', NULL),
('7406', '74', 'KABUPATEN BOMBANA', NULL),
('7407', '74', 'KABUPATEN WAKATOBI', NULL),
('7408', '74', 'KABUPATEN KOLAKA UTARA', NULL),
('7409', '74', 'KABUPATEN BUTON UTARA', NULL),
('7410', '74', 'KABUPATEN KONAWE UTARA', NULL),
('7411', '74', 'KABUPATEN KOLAKA TIMUR', NULL),
('7412', '74', 'KABUPATEN KONAWE KEPULAUAN', NULL),
('7413', '74', 'KABUPATEN MUNA BARAT', NULL),
('7414', '74', 'KABUPATEN BUTON TENGAH', NULL),
('7415', '74', 'KABUPATEN BUTON SELATAN', NULL),
('7471', '74', 'KOTA KENDARI', NULL),
('7472', '74', 'KOTA BAUBAU', NULL),
('7501', '75', 'KABUPATEN BOALEMO', NULL),
('7502', '75', 'KABUPATEN GORONTALO', NULL),
('7503', '75', 'KABUPATEN POHUWATO', NULL),
('7504', '75', 'KABUPATEN BONE BOLANGO', NULL),
('7505', '75', 'KABUPATEN GORONTALO UTARA', NULL),
('7571', '75', 'KOTA GORONTALO', NULL),
('7601', '76', 'KABUPATEN MAJENE', NULL),
('7602', '76', 'KABUPATEN POLEWALI MANDAR', NULL),
('7603', '76', 'KABUPATEN MAMASA', NULL),
('7604', '76', 'KABUPATEN MAMUJU', NULL),
('7605', '76', 'KABUPATEN MAMUJU UTARA', NULL),
('7606', '76', 'KABUPATEN MAMUJU TENGAH', NULL),
('8101', '81', 'KABUPATEN MALUKU TENGGARA BARAT', NULL),
('8102', '81', 'KABUPATEN MALUKU TENGGARA', NULL),
('8103', '81', 'KABUPATEN MALUKU TENGAH', NULL),
('8104', '81', 'KABUPATEN BURU', NULL),
('8105', '81', 'KABUPATEN KEPULAUAN ARU', NULL),
('8106', '81', 'KABUPATEN SERAM BAGIAN BARAT', NULL),
('8107', '81', 'KABUPATEN SERAM BAGIAN TIMUR', NULL),
('8108', '81', 'KABUPATEN MALUKU BARAT DAYA', NULL),
('8109', '81', 'KABUPATEN BURU SELATAN', NULL),
('8171', '81', 'KOTA AMBON', NULL),
('8172', '81', 'KOTA TUAL', NULL),
('8201', '82', 'KABUPATEN HALMAHERA BARAT', NULL),
('8202', '82', 'KABUPATEN HALMAHERA TENGAH', NULL),
('8203', '82', 'KABUPATEN KEPULAUAN SULA', NULL),
('8204', '82', 'KABUPATEN HALMAHERA SELATAN', NULL),
('8205', '82', 'KABUPATEN HALMAHERA UTARA', NULL),
('8206', '82', 'KABUPATEN HALMAHERA TIMUR', NULL),
('8207', '82', 'KABUPATEN PULAU MOROTAI', NULL),
('8208', '82', 'KABUPATEN PULAU TALIABU', NULL),
('8271', '82', 'KOTA TERNATE', NULL),
('8272', '82', 'KOTA TIDORE KEPULAUAN', NULL),
('9101', '91', 'KABUPATEN FAKFAK', NULL),
('9102', '91', 'KABUPATEN KAIMANA', NULL),
('9103', '91', 'KABUPATEN TELUK WONDAMA', NULL),
('9104', '91', 'KABUPATEN TELUK BINTUNI', NULL),
('9105', '91', 'KABUPATEN MANOKWARI', NULL),
('9106', '91', 'KABUPATEN SORONG SELATAN', NULL),
('9107', '91', 'KABUPATEN SORONG', NULL),
('9108', '91', 'KABUPATEN RAJA AMPAT', NULL),
('9109', '91', 'KABUPATEN TAMBRAUW', NULL),
('9110', '91', 'KABUPATEN MAYBRAT', NULL),
('9111', '91', 'KABUPATEN MANOKWARI SELATAN', NULL),
('9112', '91', 'KABUPATEN PEGUNUNGAN ARFAK', NULL),
('9171', '91', 'KOTA SORONG', NULL),
('9401', '94', 'KABUPATEN MERAUKE', NULL),
('9402', '94', 'KABUPATEN JAYAWIJAYA', NULL),
('9403', '94', 'KABUPATEN JAYAPURA', NULL),
('9404', '94', 'KABUPATEN NABIRE', NULL),
('9408', '94', 'KABUPATEN KEPULAUAN YAPEN', NULL),
('9409', '94', 'KABUPATEN BIAK NUMFOR', NULL),
('9410', '94', 'KABUPATEN PANIAI', NULL),
('9411', '94', 'KABUPATEN PUNCAK JAYA', NULL),
('9412', '94', 'KABUPATEN MIMIKA', NULL),
('9413', '94', 'KABUPATEN BOVEN DIGOEL', NULL),
('9414', '94', 'KABUPATEN MAPPI', NULL),
('9415', '94', 'KABUPATEN ASMAT', NULL),
('9416', '94', 'KABUPATEN YAHUKIMO', NULL),
('9417', '94', 'KABUPATEN PEGUNUNGAN BINTANG', NULL),
('9418', '94', 'KABUPATEN TOLIKARA', NULL),
('9419', '94', 'KABUPATEN SARMI', NULL),
('9420', '94', 'KABUPATEN KEEROM', NULL),
('9426', '94', 'KABUPATEN WAROPEN', NULL),
('9427', '94', 'KABUPATEN SUPIORI', NULL),
('9428', '94', 'KABUPATEN MAMBERAMO RAYA', NULL),
('9429', '94', 'KABUPATEN NDUGA', NULL),
('9430', '94', 'KABUPATEN LANNY JAYA', NULL),
('9431', '94', 'KABUPATEN MAMBERAMO TENGAH', NULL),
('9432', '94', 'KABUPATEN YALIMO', NULL),
('9433', '94', 'KABUPATEN PUNCAK', NULL),
('9434', '94', 'KABUPATEN DOGIYAI', NULL),
('9435', '94', 'KABUPATEN INTAN JAYA', NULL),
('9436', '94', 'KABUPATEN DEIYAI', NULL),
('9471', '94', 'KOTA JAYAPURA', NULL);

-- --------------------------------------------------------

--
-- Struktur dari tabel `m_pegawai`
--

CREATE TABLE `m_pegawai` (
  `kd` varchar(50) NOT NULL,
  `gelar_depan` varchar(100) DEFAULT NULL,
  `gelar_belakang` varchar(100) DEFAULT NULL,
  `nip` varchar(100) DEFAULT NULL,
  `nama` varchar(100) DEFAULT NULL,
  `pnsya` varchar(100) DEFAULT NULL,
  `gol_kd` varchar(50) DEFAULT NULL,
  `gol_nama` varchar(100) DEFAULT NULL,
  `gol_pangkat` varchar(100) DEFAULT NULL,
  `bag_kd` varchar(50) DEFAULT NULL,
  `bag_nama` varchar(100) DEFAULT NULL,
  `jabatan_kd` varchar(50) DEFAULT NULL,
  `jabatan_nama` varchar(100) DEFAULT NULL,
  `eselon_kd` varchar(50) DEFAULT NULL,
  `eselon_nama` varchar(100) DEFAULT NULL,
  `alamat` longtext DEFAULT NULL,
  `kota` varchar(100) DEFAULT NULL,
  `telp` varchar(100) DEFAULT NULL,
  `usernamex` varchar(100) DEFAULT NULL,
  `passwordx` varchar(100) DEFAULT NULL,
  `filex` longtext DEFAULT NULL,
  `postdate` datetime DEFAULT NULL,
  `jml_entri` varchar(100) DEFAULT NULL
) ENGINE=MyISAM DEFAULT CHARSET=latin1;

--
-- Dumping data untuk tabel `m_pegawai`
--

INSERT INTO `m_pegawai` (`kd`, `gelar_depan`, `gelar_belakang`, `nip`, `nama`, `pnsya`, `gol_kd`, `gol_nama`, `gol_pangkat`, `bag_kd`, `bag_nama`, `jabatan_kd`, `jabatan_nama`, `eselon_kd`, `eselon_nama`, `alamat`, `kota`, `telp`, `usernamex`, `passwordx`, `filex`, `postdate`, `jml_entri`) VALUES
('87ec8dea1473bb4b45d2e1d5d03bc848', 'Drs.', 'xstrix', '1234567899', 'Indra Bekti', 'PNS', 'f87042351b26c68d750d82bc71cba15e', 'IxgmringxB', 'Juru Muda Tingkat I', 'Ekonomi', 'Ekonomi', 'STAF AHLI BIDANG HUKUM DAN POLITIK', 'STAF AHLI BIDANG HUKUM DAN POLITIK', '829e032d9653ee77b6236b810630190b', 'Eselon II xgmringx Anggota DPRD', 'Jl. Untung...', 'KOTA SEMARANG', 'xstrix', '1234567899', 'fbe82b93c071bedda31afded400cca52', '', '2021-01-08 09:48:19', '1'),
('b298c00b6ed8d50aa19a0a9a81520e91', 'Dr.', 'M.Pd', '1234567890', 'Ahmad Solikhin', 'PNS', '65b03afe31635a7d32e8e5853c85c851', 'IxgmringxA', 'Juru Muda', 'f5e88c1ce2ee620fffe6478073d5528d', 'Ekonomi', 'bae657e2e5705bed2ba2126449615df7', 'WALIKOTA', '6caa1e8ed438d469a5a6300391e13868', 'Eselon IV', 'Jl. Raya...', 'KENDAL', '02941234567890', '1234567890', '52238db3e51471b5f923a3481975f65d', '', '2021-01-08 09:47:12', '1'),
('f890ab885813abcade357ca6b7542d9b', '11', '11', '11', 'Helmira Hanna Savitra', 'PNS', '65b03afe31635a7d32e8e5853c85c851', 'IxgmringxA', 'Juru Muda', '', '', '', '', 'ee3dc0ec965a5120fffbfe0cc5e21c0e', '111', '11', 'KOTA SEMARANG', '11', '11', '6512bd43d9caa6e02c990b0a82652dca', '', '2021-06-21 11:03:17', '1'),
('7b1a962abbbcdab28a76d2ddf55675e0', 'Dr.', 'S.Kom', '111222333', 'Abi Daulah Haque', 'PNS', '65b03afe31635a7d32e8e5853c85c851', 'IxgmringxA', 'Juru Muda', 'Ekonomi', 'Ekonomi', 'STAF AHLI BIDANG HUKUM DAN POLITIK', 'STAF AHLI BIDANG HUKUM DAN POLITIK', '9a0dec169a8f6ee6feb08034c27b38c3', 'Walikota xgmringx Wawali xgmringx Pimp. DPRD', '1234567', 'KENDAL', '1', '111222333', '2bd12a930c3012f9bb4e0ea9bec9a3fc', '', '2021-06-21 11:13:46', '1'),
('8149bd6bbdaeb6ed44b29a316669f1e3', 'xstrix', 'SE, MM', '196810281999031001', 'AKHMAD RIZANIE', 'PNS', '65b03afe31635a7d32e8e5853c85c851', 'IxgmringxA', 'Juru Muda', 'f5e88c1ce2ee620fffe6478073d5528d', 'Ekonomi', 'bae657e2e5705bed2ba2126449615df7', 'WALIKOTA', '9a0dec169a8f6ee6feb08034c27b38c3', 'Walikota xgmringx Wawali xgmringx Pimp. DPRD', 'xstrix', 'KENDAL', 'xstrix', '196810281999031001', '6f40514a7bfac734dd21a1e6776542e6', '', '2021-06-23 04:11:09', '0'),
('f97306491db97af42fda51e491232ec0', 'xstrix', 'S.Sos,M.Si', '197701242002121001', 'H. NASUTION', 'PNS', '65b03afe31635a7d32e8e5853c85c851', 'IxgmringxA', 'Juru Muda', 'f5e88c1ce2ee620fffe6478073d5528d', 'Ekonomi', 'bae657e2e5705bed2ba2126449615df7', 'WALIKOTA', '9a0dec169a8f6ee6feb08034c27b38c3', 'Walikota xgmringx Wawali xgmringx Pimp. DPRD', 'xstrix', 'KENDAL', 'xstrix', '197701242002121001', '935810b0217ab5899e82c66ece64b397', '', '2021-06-23 04:12:16', '0'),
('49f6a2c6b58e67f90ac4424b292e4528', 'xstrix', 'S.KOM', '196703011991121004', 'Zakir Husain', 'PNS', '65b03afe31635a7d32e8e5853c85c851', 'IxgmringxA', 'Juru Muda', 'f5e88c1ce2ee620fffe6478073d5528d', 'Ekonomi', 'bae657e2e5705bed2ba2126449615df7', 'WALIKOTA', '9a0dec169a8f6ee6feb08034c27b38c3', 'Walikota xgmringx Wawali xgmringx Pimp. DPRD', 'xstrix', 'KENDAL', 'xstrix', '196703011991121004', '17ac45adbf62a0a8189be2bf9dbe6bc8', '', '2021-06-23 04:12:59', '0'),
('5b611c0a95b2e9cdd25905b473a0962a', 'xstrix', 'A.Md', '199107112014021002', 'KARSA ZUL ANDRIAN SIBARANI', 'PNS', '65b03afe31635a7d32e8e5853c85c851', 'IxgmringxA', 'Juru Muda', 'f5e88c1ce2ee620fffe6478073d5528d', 'Ekonomi', 'bae657e2e5705bed2ba2126449615df7', 'WALIKOTA', '9a0dec169a8f6ee6feb08034c27b38c3', 'Walikota xgmringx Wawali xgmringx Pimp. DPRD', 'xstrix', 'KENDAL', 'xstrix', '199107112014021002', 'bd850a930dce6a28d177bcc46d1773a7', '', '2021-06-23 04:18:44', '0'),
('566ac0da68e03d343134171bdf4cf1d3', 'xstrix', 'ST', '19760912 1998022008', 'SUMARNI', 'PNS', '8f631cc5fb343436cef79b5125eb4d46', 'IIIxgmringxD', 'Penata Tingkat I', '704bd1257d775f0b5244b9d1837e394e', 'Umum', 'bf1b6fb44e3d2b92bb3137246eccf8e3', 'KEPALA SUB BAGIAN PERLENGKAPAN', '6caa1e8ed438d469a5a6300391e13868', 'Eselon IV', 'Bontang', 'KOTA BONTANG', 'xstrix', '19760912 1998022008', 'f611a269af5e406a16e14aaf5d7c7085', '', '2021-06-29 00:55:21', '1'),
('1244ac3cabaf1dadeb39cffdceb27eaa', 'xstrix', 'xstrix', 'xstrix', 'MUHAMMAD EDI', 'NON PNS', '0946336b9e7f5475fa9bcaf53fdf9e47', 'NON PNS', 'NON PNS', '704bd1257d775f0b5244b9d1837e394e', 'Umum', '25794829eba625d6b7c8f9ee98353fc5', 'STAF BAGIAN UMUM', '078fdd7c580a7970be711919df693e97', 'xstrix', 'Bontang', 'KOTA BONTANG', 'xstrix', 'xstrix', '83218c8f5e69d0d50dcd396b366d8486', '', '2021-06-29 00:57:25', '1'),
('ee74aa5bf80a530d68d4a0b43e11312d', 'Ir', 'MT', '19651022 1990032008', 'HJ. AJI ERLYNAWATI', 'PNS', '52f64b1b6e0f4d8b2d0dc80ecd9ec4b1', 'IVxgmringxE', 'Pembina Utama', '704bd1257d775f0b5244b9d1837e394e', 'Umum', 'b2047831ab5bf88e05d5f615086a1842', 'SEKRETARIS DAERAH', '00ac1ba0c8e2940b807fe9536b4c572a', 'Eselon II a', 'Bontang', 'KOTA BONTANG', 'xstrix', '19651022 1990032008', '795c9d30b1fc8abce9afaff6942df1ef', '', '2021-06-29 01:02:35', '0');

-- --------------------------------------------------------

--
-- Struktur dari tabel `m_pemberi_perintah`
--

CREATE TABLE `m_pemberi_perintah` (
  `kd` varchar(50) NOT NULL,
  `peg_kd` varchar(50) DEFAULT NULL,
  `peg_nip` varchar(100) DEFAULT NULL,
  `peg_nama` varchar(100) DEFAULT NULL,
  `jabatan_kd` varchar(50) DEFAULT NULL,
  `jabatan_nama` varchar(100) DEFAULT NULL,
  `valid_awal` date DEFAULT NULL,
  `valid_akhir` date DEFAULT NULL,
  `ket` varchar(100) DEFAULT NULL,
  `postdate` datetime DEFAULT NULL
) ENGINE=MyISAM DEFAULT CHARSET=latin1;

--
-- Dumping data untuk tabel `m_pemberi_perintah`
--

INSERT INTO `m_pemberi_perintah` (`kd`, `peg_kd`, `peg_nip`, `peg_nama`, `jabatan_kd`, `jabatan_nama`, `valid_awal`, `valid_akhir`, `ket`, `postdate`) VALUES
('cee57b1763c9bcde5bb67e0105afe7f3', '87ec8dea1473bb4b45d2e1d5d03bc848', '1234567899', 'Indra Bekti', '02fcdd62af73a8ab982d1391d5ac3b2a', 'Sekretaris Daerah', '2021-04-29', '2021-04-30', 'dsss', '2021-05-25 06:40:42'),
('d37698a08690850f6bcb21fad950f055', 'b298c00b6ed8d50aa19a0a9a81520e91', '1234567890', 'Ahmad Solikhin', '450e32e2bbc662bccc29cb3165656280', 'Plt. Sekretaris Daerah', '2021-04-27', '2021-04-29', 'rrr', '2021-05-25 06:40:23'),
('f810686a62aecc4b04f54e3cfa2efe55', 'ee74aa5bf80a530d68d4a0b43e11312d', '19651022 1990032008', 'HJ. AJI ERLYNAWATI', '02fcdd62af73a8ab982d1391d5ac3b2a', 'Sekretaris Daerah', '2021-06-21', '0000-00-00', '-', '2021-06-29 03:17:19');

-- --------------------------------------------------------

--
-- Struktur dari tabel `m_propinsi`
--

CREATE TABLE `m_propinsi` (
  `kd` char(50) COLLATE utf8_unicode_ci NOT NULL,
  `nama` varchar(255) COLLATE utf8_unicode_ci DEFAULT NULL,
  `postdate` datetime DEFAULT NULL
) ENGINE=MyISAM DEFAULT CHARSET=utf8 COLLATE=utf8_unicode_ci;

--
-- Dumping data untuk tabel `m_propinsi`
--

INSERT INTO `m_propinsi` (`kd`, `nama`, `postdate`) VALUES
('11', 'ACEH', NULL),
('12', 'SUMATERA UTARA', NULL),
('13', 'SUMATERA BARAT', NULL),
('14', 'RIAU', NULL),
('15', 'JAMBI', NULL),
('16', 'SUMATERA SELATAN', NULL),
('17', 'BENGKULU', NULL),
('18', 'LAMPUNG', NULL),
('19', 'KEPULAUAN BANGKA BELITUNG', NULL),
('21', 'KEPULAUAN RIAU', NULL),
('31', 'DKI JAKARTA', NULL),
('32', 'JAWA BARAT', NULL),
('33', 'JAWA TENGAH', NULL),
('34', 'DI YOGYAKARTA', NULL),
('35', 'JAWA TIMUR', NULL),
('36', 'BANTEN', NULL),
('51', 'BALI', NULL),
('52', 'NUSA TENGGARA BARAT', NULL),
('53', 'NUSA TENGGARA TIMUR', NULL),
('61', 'KALIMANTAN BARAT', NULL),
('62', 'KALIMANTAN TENGAH', NULL),
('63', 'KALIMANTAN SELATAN', NULL),
('64', 'KALIMANTAN TIMUR', NULL),
('65', 'KALIMANTAN UTARA', NULL),
('71', 'SULAWESI UTARA', NULL),
('72', 'SULAWESI TENGAH', NULL),
('73', 'SULAWESI SELATAN', NULL),
('74', 'SULAWESI TENGGARA', NULL),
('75', 'GORONTALO', NULL),
('76', 'SULAWESI BARAT', NULL),
('81', 'MALUKU', NULL),
('82', 'MALUKU UTARA', NULL),
('91', 'PAPUA BARAT', NULL),
('94', 'PAPUA', NULL);

-- --------------------------------------------------------

--
-- Struktur dari tabel `m_rekening`
--

CREATE TABLE `m_rekening` (
  `kd` varchar(50) NOT NULL,
  `tahun` varchar(4) DEFAULT NULL,
  `kode` varchar(100) DEFAULT NULL,
  `nama` varchar(100) DEFAULT NULL,
  `postdate` datetime DEFAULT NULL
) ENGINE=MyISAM DEFAULT CHARSET=latin1;

--
-- Dumping data untuk tabel `m_rekening`
--

INSERT INTO `m_rekening` (`kd`, `tahun`, `kode`, `nama`, `postdate`) VALUES
('ac2fe876b65a95343cced5797650dee3', '2021', '5.2.2.15.01', 'Dinas DD', '2021-01-07 08:46:38'),
('7b22019302b444404995e49d92cd948a', '2021', '5.2.2.15.02', 'Dinas LD', '2021-01-07 08:46:58'),
('be01686f3e5ccd86877996e0bdd1dad0', '2021', '5.2.2.15.03', 'Dinas LN', '2021-01-07 08:47:13'),
('2bdbbda76e7b87f4004865c82b456f32', '2021', '5.2.2.17.04', 'Kontribusi', '2021-07-06 00:41:12');

-- --------------------------------------------------------

--
-- Struktur dari tabel `m_status_spt`
--

CREATE TABLE `m_status_spt` (
  `kd` varchar(50) NOT NULL DEFAULT '',
  `nama` varchar(100) DEFAULT NULL,
  `postdate` datetime DEFAULT NULL
) ENGINE=MyISAM DEFAULT CHARSET=latin1;

--
-- Dumping data untuk tabel `m_status_spt`
--

INSERT INTO `m_status_spt` (`kd`, `nama`, `postdate`) VALUES
('c4ca4238a0b923820dcc509a6f75849b', 'Panjar', '2021-01-02 00:00:00'),
('c81e728d9d4c2f636f067f89cc14862c', 'Rampung', '2021-01-02 00:00:00');

-- --------------------------------------------------------

--
-- Struktur dari tabel `m_tarif_hotel`
--

CREATE TABLE `m_tarif_hotel` (
  `kd` varchar(50) NOT NULL,
  `prop_nama` varchar(100) DEFAULT NULL,
  `walkot` varchar(100) DEFAULT NULL,
  `eselon_2` varchar(100) DEFAULT NULL,
  `eselon_3` varchar(100) DEFAULT NULL,
  `eselon_4` varchar(100) DEFAULT NULL,
  `gol_4` varchar(100) DEFAULT NULL,
  `gol_3` varchar(100) DEFAULT NULL,
  `gol_lainnya` varchar(100) DEFAULT NULL,
  `ket` varchar(100) DEFAULT NULL,
  `postdate` datetime DEFAULT NULL
) ENGINE=MyISAM DEFAULT CHARSET=latin1;

--
-- Dumping data untuk tabel `m_tarif_hotel`
--

INSERT INTO `m_tarif_hotel` (`kd`, `prop_nama`, `walkot`, `eselon_2`, `eselon_3`, `eselon_4`, `gol_4`, `gol_3`, `gol_lainnya`, `ket`, `postdate`) VALUES
('74b2b0dfaa48fc57352081e5f758852d', 'ACEH', '1300000', '1200000', '1100000', '1000000', '900000', '800000', '700000', 'xstrix', '2021-06-25 05:55:57'),
('4cc9e90ff454b959fac99bd81663e30a', 'JAWA TENGAH', '1100000', '1000000', '1000000', '1000000', '900000', '800000', '700000', 'xstrix', '2021-06-25 05:56:45'),
('23ef508adb425e65d66a87e695c278a6', 'BALI', '1500000', '1400000', '1300000', '1200000', '1100000', '1100000', '1000000', 'xstrix', '2021-06-25 04:01:18');

-- --------------------------------------------------------

--
-- Struktur dari tabel `m_tarif_sopir`
--

CREATE TABLE `m_tarif_sopir` (
  `kd` varchar(50) NOT NULL,
  `dari_prop_nama` varchar(100) DEFAULT NULL,
  `dari` varchar(100) DEFAULT NULL,
  `tujuan_prop_nama` varchar(100) DEFAULT NULL,
  `tujuan` varchar(100) DEFAULT NULL,
  `tarif` varchar(100) DEFAULT NULL,
  `ket` varchar(100) DEFAULT NULL,
  `postdate` datetime DEFAULT NULL
) ENGINE=MyISAM DEFAULT CHARSET=latin1;

--
-- Dumping data untuk tabel `m_tarif_sopir`
--

INSERT INTO `m_tarif_sopir` (`kd`, `dari_prop_nama`, `dari`, `tujuan_prop_nama`, `tujuan`, `tarif`, `ket`, `postdate`) VALUES
('bfc1b7361c7d99c01afa91eb98f918e4', 'KALIMANTAN TIMUR', 'Bontang', 'KALIMANTAN TIMUR', 'Samarinda', '450000', 'xstrix', '2021-06-24 13:10:51'),
('74fd9357fa75e9edb13213adab3ce8ce', 'KALIMANTAN TIMUR', 'Bontang', 'KALIMANTAN TIMUR', 'Balikpapan', '600000', 'xstrix', '2021-06-24 13:11:28');

-- --------------------------------------------------------

--
-- Struktur dari tabel `m_tarif_transport_bandara`
--

CREATE TABLE `m_tarif_transport_bandara` (
  `kd` varchar(50) NOT NULL,
  `kode` varchar(100) DEFAULT NULL,
  `nama` varchar(100) DEFAULT NULL,
  `tarif` varchar(100) DEFAULT NULL,
  `ket` varchar(100) DEFAULT NULL,
  `postdate` datetime DEFAULT NULL
) ENGINE=MyISAM DEFAULT CHARSET=latin1;

--
-- Dumping data untuk tabel `m_tarif_transport_bandara`
--

INSERT INTO `m_tarif_transport_bandara` (`kd`, `kode`, `nama`, `tarif`, `ket`, `postdate`) VALUES
('9f3271181ba99267faa722a8ef13fa58', 'D001', 'Transportaasi Darat dari Bandara ke PenginapanxgmringxTujuan xkkurixDalam Provinsixkkurnanx', '900000', 'xstrix', '2021-06-24 13:42:32'),
('18358253a5035de0539e3a7e221333ed', 'D002', 'Transportaasi Darat dari Bandara ke PenginapanxgmringxTujuan xkkurixLuar Provinsixkkurnanx', '1500000', 'xstrix', '2021-06-24 13:42:57');

-- --------------------------------------------------------

--
-- Struktur dari tabel `m_tarif_transport_darat`
--

CREATE TABLE `m_tarif_transport_darat` (
  `kd` varchar(50) NOT NULL,
  `dari` varchar(100) DEFAULT NULL,
  `tujuan` varchar(100) DEFAULT NULL,
  `tarif` varchar(100) DEFAULT NULL,
  `ket` varchar(100) DEFAULT NULL,
  `postdate` datetime DEFAULT NULL
) ENGINE=MyISAM DEFAULT CHARSET=latin1;

--
-- Dumping data untuk tabel `m_tarif_transport_darat`
--

INSERT INTO `m_tarif_transport_darat` (`kd`, `dari`, `tujuan`, `tarif`, `ket`, `postdate`) VALUES
('dd18e8fc79a77455be5e6ec48eebb41f', 'KABUPATEN KENDAL', 'KOTA PEKALONGAN', '300000', 'xstrix', '2021-07-18 05:49:45'),
('16f473d010ff9202bc6bb84edc107d70', 'KABUPATEN KENDAL', 'KOTA SAMARINDA', '950000', 'xstrix', '2021-07-18 05:49:10'),
('68ecdafc18b980b6e80d1edb4f702bf4', 'KABUPATEN KENDAL', 'KOTA BALIKPAPAN', '1800000', 'xstrix', '2021-07-18 05:49:00');

-- --------------------------------------------------------

--
-- Struktur dari tabel `m_ttd_sppd`
--

CREATE TABLE `m_ttd_sppd` (
  `kd` varchar(50) NOT NULL,
  `sebagai_kd` varchar(100) DEFAULT NULL,
  `sebagai_kode` varchar(100) DEFAULT NULL,
  `sebagai_nama` varchar(100) DEFAULT NULL,
  `peg_kd` varchar(50) DEFAULT NULL,
  `peg_nip` varchar(100) DEFAULT NULL,
  `peg_nama` varchar(100) DEFAULT NULL,
  `dari` date DEFAULT NULL,
  `sampai` date DEFAULT NULL,
  `ket` varchar(100) DEFAULT NULL,
  `postdate` datetime DEFAULT NULL
) ENGINE=MyISAM DEFAULT CHARSET=latin1;

--
-- Dumping data untuk tabel `m_ttd_sppd`
--

INSERT INTO `m_ttd_sppd` (`kd`, `sebagai_kd`, `sebagai_kode`, `sebagai_nama`, `peg_kd`, `peg_nip`, `peg_nama`, `dari`, `sampai`, `ket`, `postdate`) VALUES
('9744cb41a8a058cedf1d79f702861649', '00479b550c7ed6cc886b1077843a1930', 'SETDA', 'Sekretaris Daerah', '49f6a2c6b58e67f90ac4424b292e4528', '196703011991121004', 'Zakir Husain', '2021-06-01', '2021-06-30', '-', '2021-06-23 04:16:24'),
('2d93235c512c29dcdab71aeb884a91ad', '4158bb62deeae5d48ae10cdd83979778', 'KTU', 'Kepala Bagian Tata Usaha', '8149bd6bbdaeb6ed44b29a316669f1e3', '196810281999031001', 'AKHMAD RIZANIE', '2021-06-01', '2021-06-30', '-', '2021-06-23 04:16:54'),
('e68e112b918a8ddd2c31d8570463d039', 'e87a8d63341baaab5ed1aaf921e71add', 'PPTK', 'Pejabat Pelaksana Teknik Kegiatan', 'f97306491db97af42fda51e491232ec0', '197701242002121001', 'H. NASUTION', '2021-06-01', '2021-06-30', '-', '2021-06-23 04:17:13'),
('c502391401ce99105e8e4fda15520618', '6ef42a7d228091040f4505a74cb2d28c', 'Bendahara', 'Bendahara Pengeluaran', '5b611c0a95b2e9cdd25905b473a0962a', '199107112014021002', 'KARSA ZUL ANDRIAN SIBARANI', '2021-06-01', '2021-06-30', '-', '2021-06-23 04:19:12'),
('aea77a838f95fec9af18fd413dacf5ed', '5dac830afb41430eb9d8f25bc692fe1c', 'KPA', 'Kuasa Pengguna Anggaran', '8149bd6bbdaeb6ed44b29a316669f1e3', '196810281999031001', 'AKHMAD RIZANIE', '2021-06-01', '2021-06-30', '-', '2021-06-23 17:41:01');

-- --------------------------------------------------------

--
-- Struktur dari tabel `m_tujuan`
--

CREATE TABLE `m_tujuan` (
  `kd` varchar(50) NOT NULL,
  `nama` varchar(100) DEFAULT NULL,
  `postdate` datetime DEFAULT NULL
) ENGINE=MyISAM DEFAULT CHARSET=latin1;

-- --------------------------------------------------------

--
-- Struktur dari tabel `m_uang_harian`
--

CREATE TABLE `m_uang_harian` (
  `kd` varchar(50) NOT NULL,
  `prop_nama` varchar(100) DEFAULT NULL,
  `jenis` varchar(100) DEFAULT NULL,
  `walkot` varchar(100) DEFAULT NULL,
  `eselon_2` varchar(100) DEFAULT NULL,
  `eselon_3` varchar(100) DEFAULT NULL,
  `eselon_4` varchar(100) DEFAULT NULL,
  `gol_4` varchar(100) DEFAULT NULL,
  `gol_3` varchar(100) DEFAULT NULL,
  `gol_lainnya` varchar(100) DEFAULT NULL,
  `ket` varchar(100) DEFAULT NULL,
  `postdate` datetime DEFAULT NULL
) ENGINE=MyISAM DEFAULT CHARSET=latin1;

--
-- Dumping data untuk tabel `m_uang_harian`
--

INSERT INTO `m_uang_harian` (`kd`, `prop_nama`, `jenis`, `walkot`, `eselon_2`, `eselon_3`, `eselon_4`, `gol_4`, `gol_3`, `gol_lainnya`, `ket`, `postdate`) VALUES
('9cb27d4e87d79c859481e9c42116239aDIKLAT', 'ACEH', 'DIKLAT', '110000', '110000', '110000', '110000', '110000', '110000', '110000', 'xstrix', '2021-07-06 01:12:24'),
('9cb27d4e87d79c859481e9c42116239aHARIAN', 'ACEH', 'HARIAN', '2600000', '2000000', '900000', '800000', '700000', '360000', '360000', 'xstrix', '2021-07-06 01:12:24'),
('3fde7df7fa2c2ca9851fe4893cfa6ab0HARIAN', 'JAWA TENGAH', 'HARIAN', '1200000', '1200000', '1000000', '1000000', '1000000', '1000000', '1000000', 'xstrix', '2021-06-25 13:40:07'),
('3fde7df7fa2c2ca9851fe4893cfa6ab0DIKLAT', 'JAWA TENGAH', 'DIKLAT', '1000000', '900000', '800000', '700000', '600000', '500000', '400000', '123', '2021-06-25 13:40:07'),
('d85306abe8309a3fd0af71060c013a9cHARIAN', 'BALI', 'HARIAN', '2600000', '2000000', '900000', '800000', '700000', '480000', '480000', 'xstrix', '2021-07-06 01:15:51'),
('d85306abe8309a3fd0af71060c013a9cDIKLAT', 'BALI', 'DIKLAT', '140000', '140000', '140000', '140000', '140000', '140000', '140000', 'xstrix', '2021-07-06 01:15:51'),
('3432cddb274fc7d023e7c5a4472b095aHARIAN', 'BANTEN', 'HARIAN', '2600000', '2000000', '900000', '800000', '700000', '370000', '370000', 'xstrix', '2021-07-06 01:17:23'),
('3432cddb274fc7d023e7c5a4472b095aDIKLAT', 'BANTEN', 'DIKLAT', '110000', '110000', '110000', '110000', '110000', '110000', '110000', 'xstrix', '2021-07-06 01:17:23'),
('82bffda2fa538adc232713d0016f14f9HARIAN', 'BENGKULU', 'HARIAN', '2600000', '2000000', '900000', '800000', '700000', '380000', '380000', 'xstrix', '2021-07-06 01:18:43'),
('82bffda2fa538adc232713d0016f14f9DIKLAT', 'BENGKULU', 'DIKLAT', '110000', '110000', '110000', '110000', '110000', '110000', '110000', 'xstrix', '2021-07-06 01:18:43'),
('5866e7f1258b35422f5dba5ec06a6ab8HARIAN', 'DI YOGYAKARTA', 'HARIAN', '2600000', '2000000', '900000', '800000', '700000', '420000', '420000', 'xstrix', '2021-07-06 01:20:11'),
('5866e7f1258b35422f5dba5ec06a6ab8DIKLAT', 'DI YOGYAKARTA', 'DIKLAT', '130000', '130000', '130000', '130000', '130000', '130000', '130000', 'xstrix', '2021-07-06 01:20:11'),
('22440c66ca2260965a0e335ad6c38b68HARIAN', 'DKI JAKARTA', 'HARIAN', '2600000', '2000000', '900000', '800000', '700000', '530000', '530000', 'xstrix', '2021-07-06 01:21:35'),
('22440c66ca2260965a0e335ad6c38b68DIKLAT', 'DKI JAKARTA', 'DIKLAT', '160000', '160000', '160000', '160000', '160000', '160000', '160000', 'xstrix', '2021-07-06 01:21:35'),
('7e16c24b972867e73ad22f3f8b2e6ac6HARIAN', 'GORONTALO', 'HARIAN', '2600000', '2000000', '900000', '800000', '700000', '370000', '370000', 'xstrix', '2021-07-06 01:22:47'),
('7e16c24b972867e73ad22f3f8b2e6ac6DIKLAT', 'GORONTALO', 'DIKLAT', '120000', '120000', '120000', '120000', '120000', '120000', '120000', 'xstrix', '2021-07-06 01:22:47'),
('722950c8bfb1850f8cf53d3daedbdb5cHARIAN', 'JAMBI', 'HARIAN', '2600000', '2000000', '900000', '800000', '700000', '370000', '370000', 'xstrix', '2021-07-06 01:23:57'),
('722950c8bfb1850f8cf53d3daedbdb5cDIKLAT', 'JAMBI', 'DIKLAT', '110000', '110000', '110000', '110000', '110000', '110000', '110000', 'xstrix', '2021-07-06 01:23:57'),
('ddc7712e47161580552e40d570d1411bHARIAN', 'JAWA BARAT', 'HARIAN', '2600000', '2000000', '900000', '800000', '700000', '430000', '430000', 'xstrix', '2021-07-06 01:24:53'),
('ddc7712e47161580552e40d570d1411bDIKLAT', 'JAWA BARAT', 'DIKLAT', '130000', '130000', '130000', '130000', '130000', '130000', '130000', 'xstrix', '2021-07-06 01:24:53');

-- --------------------------------------------------------

--
-- Struktur dari tabel `m_uang_representasi`
--

CREATE TABLE `m_uang_representasi` (
  `kd` varchar(50) NOT NULL,
  `prop_nama` varchar(100) DEFAULT NULL,
  `walkot` varchar(100) DEFAULT NULL,
  `eselon_2` varchar(100) DEFAULT NULL,
  `eselon_3` varchar(100) DEFAULT NULL,
  `eselon_4` varchar(100) DEFAULT NULL,
  `gol_4` varchar(100) DEFAULT NULL,
  `gol_3` varchar(100) DEFAULT NULL,
  `gol_lainnya` varchar(100) DEFAULT NULL,
  `ket` varchar(100) DEFAULT NULL,
  `postdate` datetime DEFAULT NULL
) ENGINE=MyISAM DEFAULT CHARSET=latin1;

--
-- Dumping data untuk tabel `m_uang_representasi`
--

INSERT INTO `m_uang_representasi` (`kd`, `prop_nama`, `walkot`, `eselon_2`, `eselon_3`, `eselon_4`, `gol_4`, `gol_3`, `gol_lainnya`, `ket`, `postdate`) VALUES
('833401ac20339f4ee69f582aae3e16bd', 'ACEH', '1900000', '1800000', '1700000', '1600000', '1500000', '1400000', '1300000', '123', '2021-06-25 15:52:57');

-- --------------------------------------------------------

--
-- Struktur dari tabel `t_kegiatan_anggaran`
--

CREATE TABLE `t_kegiatan_anggaran` (
  `kd` varchar(50) NOT NULL,
  `keg_kd` varchar(50) DEFAULT NULL,
  `keg_nama` varchar(100) DEFAULT NULL,
  `tahun` varchar(4) DEFAULT NULL,
  `dpa` varchar(100) DEFAULT NULL,
  `rek_kd` varchar(50) DEFAULT NULL,
  `rek_kode` varchar(100) DEFAULT NULL,
  `rek_nama` varchar(100) DEFAULT NULL,
  `murni` varchar(100) DEFAULT NULL,
  `perubahan` varchar(100) DEFAULT NULL,
  `total` varchar(100) DEFAULT NULL,
  `realisasi` varchar(100) DEFAULT NULL,
  `sisa` varchar(100) DEFAULT NULL,
  `postdate` datetime DEFAULT NULL
) ENGINE=MyISAM DEFAULT CHARSET=latin1;

--
-- Dumping data untuk tabel `t_kegiatan_anggaran`
--

INSERT INTO `t_kegiatan_anggaran` (`kd`, `keg_kd`, `keg_nama`, `tahun`, `dpa`, `rek_kd`, `rek_kode`, `rek_nama`, `murni`, `perubahan`, `total`, `realisasi`, `sisa`, `postdate`) VALUES
('86feb99d8f427d123df7581677c166c9', '4b73864f270bd2f8f69243f4cfdb4ddc', 'Pelatihan', '2021', 'dpa2', '7b22019302b444404995e49d92cd948a', '5.2.2.15.02', 'Dinas LD', '180000000', '189000000', '369000000', '190000000', '179000000', '2021-06-25 14:32:22'),
('4c7ccb219b27f4ccefe3a99011242a85', '4b73864f270bd2f8f69243f4cfdb4ddc', 'Pelatihan', '2021', 'dpa1', 'ac2fe876b65a95343cced5797650dee3', '5.2.2.15.01', 'Dinas DD', '175000000', '177000000', '352000000', '168000000', '184000000', '2021-06-25 14:32:10');

-- --------------------------------------------------------

--
-- Struktur dari tabel `t_spt`
--

CREATE TABLE `t_spt` (
  `kd` varchar(50) NOT NULL DEFAULT '',
  `tahun` varchar(4) DEFAULT NULL,
  `spt_no` varchar(100) DEFAULT NULL,
  `spt_tgl` date DEFAULT NULL,
  `perintah_kd` varchar(50) DEFAULT NULL,
  `perintah_nip` varchar(100) DEFAULT NULL,
  `perintah_nama` varchar(100) DEFAULT NULL,
  `perintah_jabatan` varchar(100) DEFAULT NULL,
  `kategori_dinas` varchar(100) DEFAULT NULL,
  `tujuan` varchar(100) DEFAULT NULL,
  `tujuan_1` varchar(100) DEFAULT NULL,
  `tujuan_2` varchar(100) DEFAULT NULL,
  `dari` varchar(100) DEFAULT NULL,
  `trans` varchar(100) DEFAULT NULL,
  `trans_1` varchar(100) DEFAULT NULL,
  `trans_2` varchar(100) DEFAULT NULL,
  `tgl_dari` date DEFAULT NULL,
  `tgl_sampai` date DEFAULT NULL,
  `jml_lama` varchar(5) DEFAULT NULL,
  `keperluan` longtext DEFAULT NULL,
  `keg_kd` varchar(50) DEFAULT NULL,
  `keg_nama` varchar(100) DEFAULT NULL,
  `keterangan` longtext DEFAULT NULL,
  `filex_dokumen` longtext DEFAULT NULL,
  `postdate` datetime DEFAULT NULL,
  `beban` varchar(100) DEFAULT NULL,
  `status` varchar(100) DEFAULT NULL,
  `postdate_status` datetime DEFAULT NULL,
  `total_semuanya` varchar(100) DEFAULT NULL
) ENGINE=MyISAM DEFAULT CHARSET=latin1;

--
-- Dumping data untuk tabel `t_spt`
--

INSERT INTO `t_spt` (`kd`, `tahun`, `spt_no`, `spt_tgl`, `perintah_kd`, `perintah_nip`, `perintah_nama`, `perintah_jabatan`, `kategori_dinas`, `tujuan`, `tujuan_1`, `tujuan_2`, `dari`, `trans`, `trans_1`, `trans_2`, `tgl_dari`, `tgl_sampai`, `jml_lama`, `keperluan`, `keg_kd`, `keg_nama`, `keterangan`, `filex_dokumen`, `postdate`, `beban`, `status`, `postdate_status`, `total_semuanya`) VALUES
('0d9bb568eabfe00357283e4bd7928668', '2021', '20210428170018', '2021-04-26', '87ec8dea1473bb4b45d2e1d5d03bc848', '1234567899', 'Indra Bekti', 'Sekretaris Daerah', 'Dinas DD', 'PEKALONGAN', 'PEKALONGAN', 'PEKALONGAN', 'KENDAL', 'Kendaraan Dinas', 'Kendaraan Dinas', 'Kendaraan Dinas', '2021-04-28', '2021-05-04', '8', 'siap...', '4b73864f270bd2f8f69243f4cfdb4ddc', 'Pelatihan', 'sdddd', '0d9bb568eabfe00357283e4bd7928668.jpg', '2021-05-01 11:53:25', 'Sekretariat Daerah', 'Rampung', '2021-06-22 03:42:39', '12245000'),
('203489ef469052dcf98d4795093e47fc', '2021', '20210622040354', '2021-06-22', '87ec8dea1473bb4b45d2e1d5d03bc848', '1234567899', 'Indra Bekti', 'Sekretaris Daerah', 'Dinas DD', 'TEGAL', 'TEGAL', 'TEGAL', 'KENDAL', 'Kendaraan Dinas', 'Kendaraan Umum', 'Kapal Laut', '2021-06-22', '2021-06-22', '1', 'xstrix', '4b73864f270bd2f8f69243f4cfdb4ddc', 'Pelatihan', '', '', '2021-06-22 04:04:27', 'Sekretariat Daerah', 'Rampung', '2021-06-22 10:38:16', '3180000'),
('83054dc0516f00d1586f6bed373d4408', '2021', '20210622102234', '2021-06-22', 'b298c00b6ed8d50aa19a0a9a81520e91', '1234567890', 'Ahmad Solikhin', 'Plt. Sekretaris Daerah', 'Dinas DD', 'TEGAL', 'TEGAL', 'TEGAL', 'KENDAL', 'Kendaraan Dinas', 'Kendaraan Umum', 'Pesawat', '2021-06-22', '2021-06-22', '1', '1234', '4b73864f270bd2f8f69243f4cfdb4ddc', 'Pelatihan', 'xxxx', '83054dc0516f00d1586f6bed373d4408.jpeg', '2021-06-22 10:23:21', NULL, NULL, NULL, ''),
('43fe64c1a865ab559dcfa97d69cee869', '2021', '20210622103459', '2021-06-22', '87ec8dea1473bb4b45d2e1d5d03bc848', '1234567899', 'Indra Bekti', 'Sekretaris Daerah', 'Dinas DD', 'TEGAL', 'TEGAL', 'TEGAL', 'KENDAL', 'Kendaraan Dinas', 'Kendaraan Dinas', 'Kendaraan Dinas', '2021-06-22', '2021-06-22', '1', '123', '4b73864f270bd2f8f69243f4cfdb4ddc', 'Pelatihan', '111', '43fe64c1a865ab559dcfa97d69cee869.jpeg', '2021-06-22 10:35:32', 'Sekretariat Daerah', 'Panjar', '2021-06-22 11:08:36', '7930000'),
('1b4d1e15cef51ba164815c53a5e68f06', '2021', '20210622110842', '2021-06-22', 'b298c00b6ed8d50aa19a0a9a81520e91', '1234567890', 'Ahmad Solikhin', 'Plt. Sekretaris Daerah', 'Dinas DD', 'PEKALONGAN', 'PEKALONGAN', 'PEKALONGAN', 'KENDAL', 'Kapal Laut', 'Kendaraan Dinas', 'Kendaraan Dinas', '2021-06-22', '2021-06-22', '1', '1111', '4b73864f270bd2f8f69243f4cfdb4ddc', 'Pelatihan', '', '', '2021-06-22 11:09:18', 'Sekretariat Daerah', 'Rampung', '2021-06-29 00:44:16', '2221200'),
('fe0fe3633dbb089ab5fbb59c7af6a7e0', '2021', '090xgmringx0002xgmringxUMUM.1', '2021-06-26', 'b298c00b6ed8d50aa19a0a9a81520e91', '1234567890', 'Ahmad Solikhin', 'Plt. Sekretaris Daerah', 'Dinas DD', 'KOTA SEMARANG', 'KABUPATEN DEMAK', 'xstrix', 'KABUPATEN KENDAL', 'Kendaraan Umum', 'Kendaraan Umum', 'xstrix', '2021-06-26', '2021-06-28', '3', '123', '4b73864f270bd2f8f69243f4cfdb4ddc', 'Pelatihan', '', '', '2021-06-26 10:08:40', NULL, NULL, NULL, '1200000'),
('ef2c2880223335f079fe8fde3553fe29', '2021', '090xgmringx0008xgmringxUMUM.1', '2021-06-29', 'ee74aa5bf80a530d68d4a0b43e11312d', '19651022 1990032008', 'HJ. AJI ERLYNAWATI', 'Sekretaris Daerah', 'Dinas LD', 'KOTA SAMARINDA', 'KABUPATEN ACEH BARAT', 'xstrix', 'KOTA BONTANG', 'Kendaraan Umum', 'Pesawat', 'xstrix', '2021-06-30', '2021-07-03', '5', 'menghadiri apeksi', '4b73864f270bd2f8f69243f4cfdb4ddc', 'Pelatihan', '', '', '2021-06-29 03:20:41', 'Sekretariat Daerah', 'Panjar', '2021-06-29 03:21:51', '');

-- --------------------------------------------------------

--
-- Struktur dari tabel `t_spt_log_entri`
--

CREATE TABLE `t_spt_log_entri` (
  `kd` varchar(50) NOT NULL DEFAULT '',
  `spt_kd` varchar(50) DEFAULT NULL,
  `spt_no` varchar(100) DEFAULT NULL,
  `tu_kd` varchar(50) DEFAULT NULL,
  `tu_nip` varchar(100) DEFAULT NULL,
  `tu_nama` varchar(100) DEFAULT NULL,
  `ket` longtext DEFAULT NULL,
  `postdate` datetime DEFAULT NULL
) ENGINE=MyISAM DEFAULT CHARSET=latin1;

-- --------------------------------------------------------

--
-- Struktur dari tabel `t_spt_nourut`
--

CREATE TABLE `t_spt_nourut` (
  `nourut` int(11) NOT NULL,
  `spt_kd` varchar(50) DEFAULT NULL,
  `postdate` datetime DEFAULT NULL
) ENGINE=MyISAM DEFAULT CHARSET=utf8mb4;

--
-- Dumping data untuk tabel `t_spt_nourut`
--

INSERT INTO `t_spt_nourut` (`nourut`, `spt_kd`, `postdate`) VALUES
(1, '4e295f51d977134938b20b304aa7a7db', '2021-06-26 09:58:20'),
(2, '9d800b0567dbbe3327a0951ffd0647cd', '2021-06-26 10:07:51'),
(3, 'a6ae0d7e04a244d6431756de241da496', '2021-06-26 10:14:40'),
(4, '3d8dcf76d74951ee8b17366a68e799aa', '2021-06-29 00:46:58'),
(5, 'a183e47c624b8b4d0b93afeda893cc09', '2021-06-29 00:58:08'),
(6, 'cfe654f9a1fba3f02a53eeda54ecfefc', '2021-06-29 03:16:25'),
(7, '04b4dff76687a83be79774b9e29c1e8b', '2021-06-29 03:17:36'),
(8, '67b3d58347c1108ca0d902c05e52ff7f', '2021-06-29 03:19:07');

-- --------------------------------------------------------

--
-- Struktur dari tabel `t_spt_pegawai`
--

CREATE TABLE `t_spt_pegawai` (
  `kd` varchar(50) NOT NULL DEFAULT '',
  `spt_kd` varchar(50) DEFAULT NULL,
  `spt_no` varchar(100) DEFAULT NULL,
  `spt_tgl` date DEFAULT NULL,
  `peg_nourut` varchar(5) DEFAULT NULL,
  `peg_kd` varchar(50) DEFAULT NULL,
  `peg_nip` varchar(100) DEFAULT NULL,
  `peg_nama` varchar(100) DEFAULT NULL,
  `peg_golongan` varchar(100) DEFAULT NULL,
  `peg_jabatan` varchar(100) DEFAULT NULL,
  `total_uang_darat` varchar(100) DEFAULT NULL,
  `pesawat_uang_tiket` varchar(100) DEFAULT NULL,
  `pesawat_uang_airport_tax` varchar(100) DEFAULT NULL,
  `pesawat_uang_bandara_tujuan` varchar(100) DEFAULT NULL,
  `total_uang_pesawat` varchar(100) DEFAULT NULL,
  `inap_1_uang` varchar(100) DEFAULT NULL,
  `inap_1_jml_hari` varchar(5) DEFAULT NULL,
  `inap_1_ada_bill` varchar(5) DEFAULT NULL,
  `inap_1_subtotal` varchar(100) DEFAULT NULL,
  `inap_2_uang` varchar(100) DEFAULT NULL,
  `inap_2_jml_hari` varchar(100) DEFAULT NULL,
  `inap_2_ada_bill` varchar(5) DEFAULT NULL,
  `inap_2_subtotal` varchar(100) DEFAULT NULL,
  `total_uang_inap` varchar(100) DEFAULT NULL,
  `uang_harian_1` varchar(100) DEFAULT NULL,
  `uang_harian_1_jml_hari` varchar(5) DEFAULT NULL,
  `uang_harian_1_subtotal` varchar(100) DEFAULT NULL,
  `uang_harian_2` varchar(100) DEFAULT NULL,
  `uang_harian_2_jml_hari` varchar(5) DEFAULT NULL,
  `uang_harian_2_subtotal` varchar(100) DEFAULT NULL,
  `total_uang_harian` varchar(100) DEFAULT NULL,
  `uang_diklat` varchar(100) DEFAULT NULL,
  `uang_diklat_jml_hari` varchar(5) DEFAULT NULL,
  `total_uang_diklat` varchar(100) DEFAULT NULL,
  `uang_representasi_jml_hari` varchar(5) DEFAULT NULL,
  `uang_representasi` varchar(100) DEFAULT NULL,
  `total_representasi` varchar(100) DEFAULT NULL,
  `kontribusi` varchar(100) DEFAULT NULL,
  `kontribusi_jml_hari` varchar(5) DEFAULT NULL,
  `kontribusi_uang` varchar(100) DEFAULT NULL,
  `kontribusi_ket` varchar(100) DEFAULT NULL,
  `total_semuanya` varchar(100) DEFAULT NULL,
  `ket` longtext DEFAULT NULL,
  `postdate` datetime DEFAULT NULL,
  `pengikut` enum('true','false') NOT NULL DEFAULT 'false',
  `pengikut_postdate` datetime DEFAULT NULL,
  `postdate_update` datetime DEFAULT NULL,
  `tgl_dari` varchar(100) DEFAULT NULL,
  `tgl_sampai` varchar(100) DEFAULT NULL,
  `jml_lama` varchar(100) DEFAULT NULL,
  `tujuan` varchar(100) DEFAULT NULL,
  `peg_bag_kd` varchar(50) DEFAULT NULL,
  `peg_bag_nama` varchar(100) DEFAULT NULL
) ENGINE=MyISAM DEFAULT CHARSET=latin1;

--
-- Dumping data untuk tabel `t_spt_pegawai`
--

INSERT INTO `t_spt_pegawai` (`kd`, `spt_kd`, `spt_no`, `spt_tgl`, `peg_nourut`, `peg_kd`, `peg_nip`, `peg_nama`, `peg_golongan`, `peg_jabatan`, `total_uang_darat`, `pesawat_uang_tiket`, `pesawat_uang_airport_tax`, `pesawat_uang_bandara_tujuan`, `total_uang_pesawat`, `inap_1_uang`, `inap_1_jml_hari`, `inap_1_ada_bill`, `inap_1_subtotal`, `inap_2_uang`, `inap_2_jml_hari`, `inap_2_ada_bill`, `inap_2_subtotal`, `total_uang_inap`, `uang_harian_1`, `uang_harian_1_jml_hari`, `uang_harian_1_subtotal`, `uang_harian_2`, `uang_harian_2_jml_hari`, `uang_harian_2_subtotal`, `total_uang_harian`, `uang_diklat`, `uang_diklat_jml_hari`, `total_uang_diklat`, `uang_representasi_jml_hari`, `uang_representasi`, `total_representasi`, `kontribusi`, `kontribusi_jml_hari`, `kontribusi_uang`, `kontribusi_ket`, `total_semuanya`, `ket`, `postdate`, `pengikut`, `pengikut_postdate`, `postdate_update`, `tgl_dari`, `tgl_sampai`, `jml_lama`, `tujuan`, `peg_bag_kd`, `peg_bag_nama`) VALUES
('2f4f2554b9865b8863fe3f962337be06', '0d9bb568eabfe00357283e4bd7928668', '20210428170018', '2021-04-26', '1', 'b298c00b6ed8d50aa19a0a9a81520e91', '1234567890', 'Ahmad Solikhin', 'IxgmringxA', 'WALIKOTA', '200000', '1800000', '0', '900000', '2700000', '750000', '2', '30', '450000', '750000', '1', '0', '750000', '1200000', '170000', '1', '170000', '230000', '1', '230000', '400000', '180000', '1', '180000', '1', '170000', '170000', NULL, NULL, NULL, NULL, '4850000', 'coba saja...', '2021-06-15 09:26:27', 'false', NULL, '2021-06-21 10:55:41', '2021-04-28', '2021-05-04', '8', 'PEKALONGAN PEKALONGAN PEKALONGAN', 'f5e88c1ce2ee620fffe6478073d5528d', 'Ekonomi'),
('220414a9a793024fd404b5bc89483f54', '0d9bb568eabfe00357283e4bd7928668', '20210428170018', '2021-04-26', '2', '7b1a962abbbcdab28a76d2ddf55675e0', '111222333', 'Abi Daulah Haque', 'IxgmringxA', 'STAF AHLI BIDANG HUKUM DAN POLITIK', '200000', '850000', '0', '900000', '1750000', '750000', '1', '0', '750000', '750000', '1', '0', '750000', '1500000', '300000', '1', '300000', '0', '0', '0', '300000', '0', '0', '0', '1', '170000', '170000', 'Kontribusi Sebagian', '1', '300000', 'xstrix', '3920000', 'xstrix', '2021-06-21 11:13:53', 'false', NULL, '2021-06-21 11:32:24', '2021-04-28', '2021-05-04', '8', 'PEKALONGAN PEKALONGAN PEKALONGAN', 'Ekonomi', 'Ekonomi'),
('c066228ede8e021d9f57ebbc6f792145', '0d9bb568eabfe00357283e4bd7928668', '20210428170018', '2021-04-26', '3', '87ec8dea1473bb4b45d2e1d5d03bc848', '1234567899', 'Indra Bekti', 'IxgmringxB', 'STAF AHLI BIDANG HUKUM DAN POLITIK', NULL, NULL, NULL, NULL, NULL, NULL, NULL, NULL, NULL, NULL, NULL, NULL, NULL, NULL, NULL, NULL, NULL, NULL, NULL, NULL, NULL, NULL, NULL, NULL, NULL, NULL, NULL, NULL, NULL, NULL, NULL, NULL, NULL, '2021-06-21 11:14:41', 'false', NULL, NULL, '2021-04-28', '2021-05-04', '8', 'PEKALONGAN PEKALONGAN PEKALONGAN', 'Ekonomi', 'Ekonomi'),
('4218c04c9886f86a8dc47cb3f3429516', '0d9bb568eabfe00357283e4bd7928668', '20210428170018', '2021-04-26', '4', 'f890ab885813abcade357ca6b7542d9b', '11', 'Helmira Hanna Savitra', 'IxgmringxA', '', '200000', '1200000', '0', '900000', '2100000', '750000', '1', '30', '225000', '750000', '1', '0', '750000', '975000', '10000', '1', '10000', '10000', '1', '10000', '20000', '10000', '1', '10000', '1', '170000', '170000', 'Kontribusi Penuh', '1', '100000', 'xstrix', '3475000', 'xstrix123', '2021-06-21 17:06:37', 'false', NULL, '2021-06-21 17:15:45', '2021-04-28', '2021-05-04', '8', 'PEKALONGAN PEKALONGAN PEKALONGAN', '', ''),
('638b7ec202cf7e76df7c92937b536ffa', '203489ef469052dcf98d4795093e47fc', '20210622040354', '2021-06-22', '1', '7b1a962abbbcdab28a76d2ddf55675e0', '111222333', 'Abi Daulah Haque', 'IxgmringxA', 'STAF AHLI BIDANG HUKUM DAN POLITIK', '300000', '1200000', '0', '900000', '2100000', '600000', '1', '0', '600000', '600000', '1', '30', '180000', '780000', '0', '0', '0', '0', '0', '0', '0', '0', '0', '0', '0', '170000', '0', 'Kontribusi Penuh', '1', '100000', 'xstrix', '3180000', '11', '2021-06-22 04:04:38', 'false', NULL, '2021-06-22 04:07:33', '2021-06-22', '2021-06-22', '1', 'TEGAL TEGAL TEGAL', 'Ekonomi', 'Ekonomi'),
('0a2d2d7e62c258d7a0680e7e097c2a06', '203489ef469052dcf98d4795093e47fc', '20210622040354', '2021-06-22', '2', 'f890ab885813abcade357ca6b7542d9b', '11', 'Helmira Hanna Savitra', 'IxgmringxA', '', NULL, NULL, NULL, NULL, NULL, NULL, NULL, NULL, NULL, NULL, NULL, NULL, NULL, NULL, NULL, NULL, NULL, NULL, NULL, NULL, NULL, NULL, NULL, NULL, NULL, NULL, NULL, NULL, NULL, NULL, NULL, NULL, NULL, '2021-06-22 04:04:50', 'false', NULL, NULL, '2021-06-22', '2021-06-22', '1', 'TEGAL TEGAL TEGAL', '', ''),
('1b47d8b97898e62b204b377e2aa4f3b0', '43fe64c1a865ab559dcfa97d69cee869', '20210622103459', '2021-06-22', '2', 'f890ab885813abcade357ca6b7542d9b', '11', 'Helmira Hanna Savitra', 'IxgmringxA', '', '300000', '1200000', '0', '900000', '2100000', '600000', '1', '0', '600000', '600000', '1', '0', '600000', '1200000', '100000', '1', '100000', '0', '0', '0', '100000', '100000', '1', '100000', '0', '170000', '0', NULL, NULL, NULL, NULL, '3800000', 'xstrixxstrixxstrix', '2021-06-22 11:06:32', 'false', NULL, '2021-06-22 11:07:38', '2021-06-22', '2021-06-22', '1', 'TEGAL TEGAL TEGAL', '', ''),
('417f265604c568d16113bbec9fb247d1', '43fe64c1a865ab559dcfa97d69cee869', '20210622103459', '2021-06-22', '1', '7b1a962abbbcdab28a76d2ddf55675e0', '111222333', 'Abi Daulah Haque', 'IxgmringxA', 'STAF AHLI BIDANG HUKUM DAN POLITIK', '300000', '1200000', '0', '900000', '2100000', '600000', '1', '0', '600000', '600000', '1', '30', '180000', '780000', '500000', '1', '500000', '0', '0', '0', '500000', '450000', '1', '450000', '0', '170000', '0', 'Kontribusi Penuh', '1', '190000', 'xstrix', '4130000', '123', '2021-06-22 11:03:06', 'false', NULL, '2021-06-22 11:06:17', '2021-06-22', '2021-06-22', '1', 'TEGAL TEGAL TEGAL', 'Ekonomi', 'Ekonomi'),
('1d95737dbfb380881e52d3e36027045d', '1b4d1e15cef51ba164815c53a5e68f06', '20210622110842', '2021-06-22', '1', '7b1a962abbbcdab28a76d2ddf55675e0', '111222333', 'Abi Daulah Haque', 'IxgmringxA', 'STAF AHLI BIDANG HUKUM DAN POLITIK', '200000', '1200', '0', '900000', '901200', '750000', '1', '0', '750000', '750000', '0', '0', '0', '750000', '100000', '1', '100000', '0', '0', '0', '100000', '100000', '1', '100000', '1', '170000', '170000', NULL, NULL, NULL, NULL, '2221200', '123', '2021-06-23 11:44:10', 'false', NULL, '2021-06-23 11:44:43', '2021-06-22', '2021-06-22', '1', 'PEKALONGAN PEKALONGAN PEKALONGAN', 'Ekonomi', 'Ekonomi'),
('34bda16d9a9ddbf8d47de08952fabf2d', 'fe0fe3633dbb089ab5fbb59c7af6a7e0', '090/0002/UMUM.1', '2021-06-26', '1', '7b1a962abbbcdab28a76d2ddf55675e0', '111222333', 'Abi Daulah Haque', 'IxgmringxA', 'STAF AHLI BIDANG HUKUM DAN POLITIK', '0', '0', '0', '0', '0', '1100000', '0', '0', '0', '', '0', '0', '0', '0', '1200000', '1', '1200000', '', '0', '0', '1200000', '', '0', '0', '0', '', '0', NULL, NULL, NULL, NULL, '1200000', 'xstrix', '2021-06-26 10:08:55', 'false', NULL, '2021-06-26 10:14:05', '2021-06-26', '2021-06-28', '3', 'KOTA SEMARANG KABUPATEN DEMAK -', 'Ekonomi', 'Ekonomi'),
('f50ec6db19b44db60833a1bfd62abd2e', 'ef2c2880223335f079fe8fde3553fe29', '090/0008/UMUM.1', '2021-06-29', '1', '566ac0da68e03d343134171bdf4cf1d3', '19760912 1998022008', 'SUMARNI', 'IIIxgmringxD', 'KEPALA SUB BAGIAN PERLENGKAPAN', NULL, NULL, NULL, NULL, NULL, NULL, NULL, NULL, NULL, NULL, NULL, NULL, NULL, NULL, NULL, NULL, NULL, NULL, NULL, NULL, NULL, NULL, NULL, NULL, NULL, NULL, NULL, NULL, NULL, NULL, NULL, NULL, NULL, '2021-06-29 03:21:20', 'false', NULL, NULL, '2021-06-30', '2021-07-03', '5', 'KOTA SAMARINDA KABUPATEN ACEH BARAT -', '704bd1257d775f0b5244b9d1837e394e', 'Umum'),
('f79b3ff7327079a97607529b80d70f1d', 'ef2c2880223335f079fe8fde3553fe29', '090/0008/UMUM.1', '2021-06-29', '2', '1244ac3cabaf1dadeb39cffdceb27eaa', 'xstrix', 'MUHAMMAD EDI', 'NON PNS', 'STAF BAGIAN UMUM', NULL, NULL, NULL, NULL, NULL, NULL, NULL, NULL, NULL, NULL, NULL, NULL, NULL, NULL, NULL, NULL, NULL, NULL, NULL, NULL, NULL, NULL, NULL, NULL, NULL, NULL, NULL, NULL, NULL, NULL, NULL, NULL, NULL, '2021-06-29 03:21:30', 'false', NULL, NULL, '2021-06-30', '2021-07-03', '5', 'KOTA SAMARINDA KABUPATEN ACEH BARAT -', '704bd1257d775f0b5244b9d1837e394e', 'Umum');

-- --------------------------------------------------------

--
-- Struktur dari tabel `t_spt_pegawai_akomodasi`
--

CREATE TABLE `t_spt_pegawai_akomodasi` (
  `kd` varchar(50) NOT NULL DEFAULT '',
  `spt_kd` varchar(50) DEFAULT NULL,
  `spt_no` varchar(100) DEFAULT NULL,
  `spt_tgl` date DEFAULT NULL,
  `peg_kd` varchar(50) DEFAULT NULL,
  `peg_nip` varchar(100) DEFAULT NULL,
  `peg_nama` varchar(100) DEFAULT NULL,
  `peg_golongan` varchar(100) DEFAULT NULL,
  `peg_jabatan` varchar(100) DEFAULT NULL,
  `postdate` datetime DEFAULT NULL,
  `hotel_nama` varchar(100) DEFAULT NULL,
  `berangkat_pesawat_nama` varchar(100) DEFAULT NULL,
  `berangkat_tgl` date DEFAULT NULL,
  `berangkat_tiket_nomor` varchar(100) DEFAULT NULL,
  `berangkat_tempat_duduk_nomor` varchar(100) DEFAULT NULL,
  `berangkat_harga` varchar(100) DEFAULT NULL,
  `pulang_pesawat_nama` varchar(100) DEFAULT NULL,
  `pulang_tgl` date DEFAULT NULL,
  `pulang_tiket_nomor` varchar(100) DEFAULT NULL,
  `pulang_tempat_duduk_nomor` varchar(100) DEFAULT NULL,
  `pulang_harga` varchar(100) DEFAULT NULL
) ENGINE=MyISAM DEFAULT CHARSET=latin1;

--
-- Dumping data untuk tabel `t_spt_pegawai_akomodasi`
--

INSERT INTO `t_spt_pegawai_akomodasi` (`kd`, `spt_kd`, `spt_no`, `spt_tgl`, `peg_kd`, `peg_nip`, `peg_nama`, `peg_golongan`, `peg_jabatan`, `postdate`, `hotel_nama`, `berangkat_pesawat_nama`, `berangkat_tgl`, `berangkat_tiket_nomor`, `berangkat_tempat_duduk_nomor`, `berangkat_harga`, `pulang_pesawat_nama`, `pulang_tgl`, `pulang_tiket_nomor`, `pulang_tempat_duduk_nomor`, `pulang_harga`) VALUES
('2ee9c3c877be1b8f338598efe4f1114d', '0d9bb568eabfe00357283e4bd7928668', '20210428170018', '2021-04-26', 'f890ab885813abcade357ca6b7542d9b', '11', 'Helmira Hanna Savitra', 'IxgmringxA', '', '2021-06-22 06:09:33', '1', '1', '2021-06-20', '31', '44', '700000', '1222', '2021-07-02', '3442', '122', '750000'),
('06d8c156e34228ecbb26a80acebce3e4', '203489ef469052dcf98d4795093e47fc', '20210622040354', '2021-06-22', 'f890ab885813abcade357ca6b7542d9b', '11', 'Helmira Hanna Savitra', 'IxgmringxA', '', '2021-06-22 10:39:22', '11', '11', '2021-06-22', '11', '11', '110000', '12', '2021-06-23', '12', '12', '120000'),
('7f8174338a42f6b6524f0890230697f1', '203489ef469052dcf98d4795093e47fc', '20210622040354', '2021-06-22', '7b1a962abbbcdab28a76d2ddf55675e0', '111222333', 'Abi Daulah Haque', 'IxgmringxA', 'STAF AHLI BIDANG HUKUM DAN POLITIK', '2021-06-22 10:44:34', '123', '123', '2021-06-22', '123', '123', '123000', '124', '2021-06-23', '124', '124', '124000'),
('2bda25870e2f8a7e6f909442cc601a04', '0d9bb568eabfe00357283e4bd7928668', '20210428170018', '2021-04-26', 'b298c00b6ed8d50aa19a0a9a81520e91', '1234567890', 'Ahmad Solikhin', 'IxgmringxA', 'WALIKOTA', '2021-06-23 06:36:58', 'assss', 'xxx', '2021-06-08', '111', '111', '1200000', 'xyz', '2021-06-22', '122', '1222', '1200000');

-- --------------------------------------------------------

--
-- Struktur dari tabel `user_history`
--

CREATE TABLE `user_history` (
  `kd` varchar(50) NOT NULL DEFAULT '',
  `user_kd` varchar(50) DEFAULT NULL,
  `user_nip` varchar(100) DEFAULT NULL,
  `user_nama` varchar(100) DEFAULT NULL,
  `user_jabatan` varchar(100) DEFAULT NULL,
  `perintah_sql` varchar(100) DEFAULT NULL,
  `menu_ket` longtext DEFAULT NULL,
  `postdate` datetime DEFAULT NULL,
  `dibaca` enum('true','false') DEFAULT 'false',
  `dibaca_postdate` datetime DEFAULT NULL
) ENGINE=MyISAM DEFAULT CHARSET=latin1;

--
-- Dumping data untuk tabel `user_history`
--

INSERT INTO `user_history` (`kd`, `user_kd`, `user_nip`, `user_nama`, `user_jabatan`, `perintah_sql`, `menu_ket`, `postdate`, `dibaca`, `dibaca_postdate`) VALUES
('b9d30c0cdb98fac7c62efedc9916bb3f', 'admin', 'admin', 'admin', 'admin', 'ENTRI BARU', '[MASTER]. Data Bagian', '2021-05-25 06:21:27', 'true', '2021-06-15 16:35:25'),
('a781100e2b5db2d1f6ed523f79666e45', 'admin', 'admin', 'admin', 'admin', 'UPDATE : 2221111', '[MASTER]. Data Bagian', '2021-05-25 06:22:18', 'true', '2021-06-15 16:35:25'),
('582affa0c4b6ad39f550f346349cfcee', 'admin', 'admin', 'admin', 'admin', 'ENTRI BARU : 1111', '[MASTER]. Data Beban', '2021-05-25 06:24:02', 'true', '2021-06-15 16:35:25'),
('37c5256edab53b1b238153c7d7372677', 'admin', 'admin', 'admin', 'admin', 'UPDATE : 1111', '[MASTER]. Data Beban', '2021-05-25 06:24:10', 'true', '2021-06-15 16:35:25'),
('c362f4364c97afc3136370198a327338', 'admin', 'admin', 'admin', 'admin', 'ENTRI BARU : 111', '[MASTER]. Data Rekening', '2021-05-25 06:24:59', 'true', '2021-06-15 16:35:25'),
('5a077b22ebc31a034722d62f39c86474', 'admin', 'admin', 'admin', 'admin', 'ENTRI BARU : 111', '[MASTER]. Data Golongan/Pangkat', '2021-05-25 06:25:51', 'true', '2021-06-15 16:35:25'),
('ee3dc0ec965a5120fffbfe0cc5e21c0e', 'admin', 'admin', 'admin', 'admin', 'ENTRI BARU : 111', '[MASTER]. Data Eselon', '2021-05-25 06:26:38', 'true', '2021-06-15 16:35:25'),
('364afc62e41519ddf5a57f309830fd24', 'admin', 'admin', 'admin', 'admin', 'ENTRI BARU : 111', '[MASTER]. Data Jabatan', '2021-05-25 06:27:39', 'true', '2021-06-15 16:35:25'),
('98366c053079ccb9b4a57afff6ce43a4', 'admin', 'admin', 'admin', 'admin', 'ENTRI BARU : 111', '[MASTER]. Data Jabatan Perintah', '2021-05-25 06:28:17', 'true', '2021-06-15 16:35:25'),
('0c991ff5244574fb5cf49dca0612368b', 'admin', 'admin', 'admin', 'admin', 'ENTRI BARU : 111', '[MASTER]. Data Jabatan TTD', '2021-05-25 06:28:55', 'true', '2021-06-15 16:35:25'),
('5aa611a5925699542d9e36aa925d4ac4', 'admin', 'admin', 'admin', 'admin', 'ENTRI BARU : 111', '[MASTER]. Data Jenis Transport', '2021-05-25 06:29:42', 'true', '2021-06-15 16:35:25'),
('5868bb1a4ef5e4b4c7108161ee3b691c', 'admin', 'admin', 'admin', 'admin', 'ENTRI BARU : KENDAL ke KENDAL', '[MASTER]. Data Tarif Sopir/Driver', '2021-05-25 06:31:10', 'true', '2021-06-15 16:35:25'),
('98074268bf658c5f0d1e62d4138f20b3', 'admin', 'admin', 'admin', 'admin', 'ENTRI BARU : KOTA SEMARANG [111]', '[MASTER]. Data Tarif Hotel', '2021-05-25 06:32:38', 'true', '2021-06-15 16:35:25'),
('bbca0467229c0a5f206fba300520e440', 'admin', 'admin', 'admin', 'admin', 'ENTRI BARU : BENGKULU', '[UANG & BIAYA]. Harian Diklat', '2021-05-25 06:33:54', 'true', '2021-06-15 16:35:25'),
('dd12eedd70e3db8db92f7e970504ce2f', 'admin', 'admin', 'admin', 'admin', 'ENTRI BARU : 111', '[UANG & BIAYA]. Representasi', '2021-05-25 06:35:00', 'true', '2021-06-15 16:35:25'),
('69ef61ee67b435f06238594086af3334', 'admin', 'admin', 'admin', 'admin', 'ENTRI BARU : PEKALONGAN ke KOTA SEMARANG', '[UANG & BIAYA]. Transportasi Darat', '2021-05-25 06:36:03', 'true', '2021-06-15 16:35:25'),
('ca8d1cf6a23e0964a9a110c31a673bcc', 'admin', 'admin', 'admin', 'admin', 'ENTRI BARU : 1111', '[UANG & BIAYA]. Transportasi Darat dari Bandara', '2021-05-25 06:36:58', 'true', '2021-06-15 16:35:25'),
('f890ab885813abcade357ca6b7542d9b', 'admin', 'admin', 'admin', 'admin', 'ENTRI BARU : 11', '[PEGAWAI/PEJABAT]. Data Pegawai/Pejabat', '2021-05-25 06:38:56', 'true', '2021-06-15 16:35:25'),
('c3ad97da578e9183f01ff065bfe3419e', 'admin', 'admin', 'admin', 'admin', 'UPDATE : 1234567890', '[PEGAWAI/PEJABAT]. Pemberi Perintah', '2021-05-25 06:40:23', 'true', '2021-06-15 16:35:25'),
('989f05890806b64f757499713b29c5d0', 'admin', 'admin', 'admin', 'admin', 'UPDATE : 1234567899', '[PEGAWAI/PEJABAT]. Pemberi Perintah', '2021-05-25 06:40:42', 'true', '2021-06-15 16:35:25'),
('bda2f4e1e36f34c36c333b6c83e08c1d', 'admin', 'admin', 'admin', 'admin', 'UPDATE : 1234567890', '[PEGAWAI/PEJABAT]. TTD SPPD', '2021-05-25 06:45:30', 'true', '2021-06-15 16:35:25'),
('fbe928e01d16803bd5896985afc6baf4', 'admin', 'admin', 'admin', 'admin', 'ENTRI BARU : 1234567890', '[PEGAWAI/PEJABAT]. TTD SPPD', '2021-05-25 06:45:48', 'true', '2021-06-15 16:35:25'),
('0c369c4b51ac9e534b39c704f895208a', 'admin', 'admin', 'admin', 'admin', 'ENTRI BARU : 1234567899', '[PEGAWAI/PEJABAT]. TTD SPPD', '2021-05-25 06:46:07', 'true', '2021-06-15 16:35:25'),
('879a7004b6cb7031ef9669d4c912d412', 'admin', 'admin', 'admin', 'admin', 'ENTRI BARU : 1234567890 . Ahmad Solikhin', '[SPT] 20210428170018  : Set Pegawai', '2021-06-15 09:20:54', 'true', '2021-06-15 16:35:25'),
('076978dc38a62d3fe7a5d079f9d4e15a', 'admin', 'admin', 'admin', 'admin', 'ENTRI BARU : 1234567890 . Ahmad Solikhin', '[SPT] 20210428170018  : Set Pegawai', '2021-06-15 09:22:56', 'true', '2021-06-15 16:35:25'),
('7bf180841f7f3d3af419b71cb3809dc6', 'admin', 'admin', 'admin', 'admin', 'ENTRI BARU : 1234567890 . Ahmad Solikhin', '[SPT] 20210428170018  : Set Pegawai', '2021-06-15 09:23:53', 'true', '2021-06-15 16:35:25'),
('9874f6c52f3057549a75e09eac5f3137', 'admin', 'admin', 'admin', 'admin', 'ENTRI BARU : 1234567890 . Ahmad Solikhin', '[SPT] 20210428170018  : Set Pegawai', '2021-06-15 09:24:53', 'true', '2021-06-15 16:35:25'),
('2f4f2554b9865b8863fe3f962337be06', 'admin', 'admin', 'admin', 'admin', 'ENTRI BARU : 1234567890 . Ahmad Solikhin', '[SPT] 20210428170018  : Set Pegawai', '2021-06-15 09:26:27', 'true', '2021-06-15 16:35:25'),
('c8bd24cf3d7d1f3a3043d856e485a159', 'admin', 'admin', 'admin', 'admin', 'ENTRI BARU : PEKALONGAN [IxgmringxA]', '[MASTER]. Data Tarif Hotel', '2021-06-21 08:44:27', 'false', NULL),
('ea574a1363716297c32d15b9d5cc97b2', 'admin', 'admin', 'admin', 'admin', 'UPDATE : KENDAL [IxgmringxB]', '[MASTER]. Data Tarif Hotel', '2021-06-21 08:46:01', 'false', NULL),
('06307495a957fa14ec7691ff942e7d23', 'admin', 'admin', 'admin', 'admin', 'UPDATE : 11', '[PEGAWAI/PEJABAT]. Data Pegawai/Pejabat', '2021-06-21 10:56:19', 'false', NULL),
('7b1a962abbbcdab28a76d2ddf55675e0', 'admin', 'admin', 'admin', 'admin', 'ENTRI BARU : 1234567', '[PEGAWAI/PEJABAT]. Data Pegawai/Pejabat', '2021-06-21 11:01:13', 'false', NULL),
('1bd7dda9b1d663fea780f6503a2e43d8', 'admin', 'admin', 'admin', 'admin', 'UPDATE : 111222333', '[PEGAWAI/PEJABAT]. Data Pegawai/Pejabat', '2021-06-21 11:02:02', 'false', NULL),
('55e17031ee1316ffedf117de83e4ee73', 'admin', 'admin', 'admin', 'admin', 'ENTRI BARU : 1234567899 . Indra Bekti', '[SPT] 20210428170018  : Set Pegawai', '2021-06-21 11:02:26', 'false', NULL),
('adfe237127f2abd91f951176248c4a62', 'admin', 'admin', 'admin', 'admin', 'UPDATE : 111222333', '[PEGAWAI/PEJABAT]. Data Pegawai/Pejabat', '2021-06-21 11:02:59', 'false', NULL),
('2f24e946f1f857d510bf2f9d0e9d6eb7', 'admin', 'admin', 'admin', 'admin', 'UPDATE : 11', '[PEGAWAI/PEJABAT]. Data Pegawai/Pejabat', '2021-06-21 11:03:17', 'false', NULL),
('1fbf44f5630675e24a47899c26477a5a', 'admin', 'admin', 'admin', 'admin', 'ENTRI BARU : 1234567890', '[PEGAWAI/PEJABAT]. TTD SPPD', '2021-06-21 11:12:50', 'true', '2021-06-23 23:39:54'),
('937ecede463fc14ab7343311f51259c5', 'admin', 'admin', 'admin', 'admin', 'ENTRI BARU : 111222333 . Abi Daulah Haque', '[SPT] 20210428170018  : Set Pegawai', '2021-06-21 11:13:12', 'true', '2021-06-23 23:39:54'),
('1a6f58f69c6dbda9f65036328fe0379f', 'admin', 'admin', 'admin', 'admin', 'UPDATE : 111222333', '[PEGAWAI/PEJABAT]. Data Pegawai/Pejabat', '2021-06-21 11:13:46', 'true', '2021-06-23 23:39:54'),
('220414a9a793024fd404b5bc89483f54', 'admin', 'admin', 'admin', 'admin', 'ENTRI BARU : 111222333 . Abi Daulah Haque', '[SPT] 20210428170018  : Set Pegawai', '2021-06-21 11:13:53', 'true', '2021-06-23 23:39:54'),
('c066228ede8e021d9f57ebbc6f792145', 'admin', 'admin', 'admin', 'admin', 'ENTRI BARU : 1234567899 . Indra Bekti', '[SPT] 20210428170018  : Set Pegawai', '2021-06-21 11:14:41', 'true', '2021-06-23 23:39:54'),
('4218c04c9886f86a8dc47cb3f3429516', 'admin', 'admin', 'admin', 'admin', 'ENTRI BARU : 11 . Helmira Hanna Savitra', '[SPT] 20210428170018  : Set Pegawai', '2021-06-21 17:06:37', 'true', '2021-06-23 23:39:54'),
('bf8e93f08fc5095d06e9287d25ba112a', 'admin', 'admin', 'admin', 'admin', 'ENTRI BARU : 11 . Helmira Hanna Savitra', '[SPT]   : Set Pegawai', '2021-06-22 03:45:27', 'true', '2021-06-23 23:39:54'),
('6abc55de744572316cdbe8995e0b959c', 'admin', 'admin', 'admin', 'admin', 'ENTRI BARU : 111222333 . Abi Daulah Haque', '[SPT]   : Set Pegawai', '2021-06-22 03:45:34', 'true', '2021-06-23 23:39:54'),
('be8c177cde696d1aa32cc0fd90f9a28e', 'admin', 'admin', 'admin', 'admin', 'ENTRI BARU : TEGAL [IxgmringxA]', '[MASTER]. Data Tarif Hotel', '2021-06-22 03:47:11', 'true', '2021-06-23 23:39:54'),
('638b7ec202cf7e76df7c92937b536ffa', 'admin', 'admin', 'admin', 'admin', 'ENTRI BARU : 111222333 . Abi Daulah Haque', '[SPT] 20210622040354  : Set Pegawai', '2021-06-22 04:04:38', 'true', '2021-06-23 23:39:54'),
('0a2d2d7e62c258d7a0680e7e097c2a06', 'admin', 'admin', 'admin', 'admin', 'ENTRI BARU : 11 . Helmira Hanna Savitra', '[SPT] 20210622040354  : Set Pegawai', '2021-06-22 04:04:50', 'true', '2021-06-23 23:39:54'),
('e70cdc4a1992467c820ea3b43d3c0f8a', 'admin', 'admin', 'admin', 'admin', 'ENTRI BARU : 111222333 . Abi Daulah Haque', '[SPT] 20210622103459  : Set Pegawai', '2021-06-22 10:35:56', 'true', '2021-06-23 23:39:54'),
('9c94584407da337f22f3e0901c5ddb6e', 'admin', 'admin', 'admin', 'admin', 'ENTRI BARU : 1234567890 . Ahmad Solikhin', '[SPT] 20210622103459  : Set Pegawai', '2021-06-22 10:58:47', 'true', '2021-06-23 23:39:54'),
('417f265604c568d16113bbec9fb247d1', 'admin', 'admin', 'admin', 'admin', 'ENTRI BARU : 111222333 . Abi Daulah Haque', '[SPT] 20210622103459  : Set Pegawai', '2021-06-22 11:03:06', 'true', '2021-06-23 23:39:54'),
('1b47d8b97898e62b204b377e2aa4f3b0', 'admin', 'admin', 'admin', 'admin', 'ENTRI BARU : 11 . Helmira Hanna Savitra', '[SPT] 20210622103459  : Set Pegawai', '2021-06-22 11:06:32', 'true', '2021-06-23 23:39:54'),
('abf69a633768e10afb3f062a8dc0b706', 'admin', 'admin', 'admin', 'admin', 'ENTRI BARU : 11 . Helmira Hanna Savitra', '[SPT] 20210622110842  : Set Pegawai', '2021-06-22 11:09:41', 'true', '2021-06-23 23:39:54'),
('25e7aa7087b8c9256bc0d0ccb6262f02', 'admin', 'admin', 'admin', 'admin', 'ENTRI BARU : 111222333 . Abi Daulah Haque', '[SPT] 20210622110842  : Set Pegawai', '2021-06-22 11:17:31', 'true', '2021-07-18 06:12:12'),
('4158bb62deeae5d48ae10cdd83979778', 'admin', 'admin', 'admin', 'admin', 'ENTRI BARU : KTU', '[MASTER]. Data Jabatan TTD', '2021-06-23 02:32:59', 'true', '2021-07-18 06:12:12'),
('10370ba90d0b38b39e89353e206f8435', 'admin', 'admin', 'admin', 'admin', 'ENTRI BARU : 111222333', '[PEGAWAI/PEJABAT]. TTD SPPD', '2021-06-23 02:38:43', 'true', '2021-07-18 06:12:12'),
('8149bd6bbdaeb6ed44b29a316669f1e3', 'admin', 'admin', 'admin', 'admin', 'ENTRI BARU : 196810281999031001', '[PEGAWAI/PEJABAT]. Data Pegawai/Pejabat', '2021-06-23 04:11:09', 'true', '2021-07-18 06:12:12'),
('f97306491db97af42fda51e491232ec0', 'admin', 'admin', 'admin', 'admin', 'ENTRI BARU : 197701242002121001', '[PEGAWAI/PEJABAT]. Data Pegawai/Pejabat', '2021-06-23 04:12:16', 'true', '2021-07-18 06:12:12'),
('49f6a2c6b58e67f90ac4424b292e4528', 'admin', 'admin', 'admin', 'admin', 'ENTRI BARU : 196703011991121004', '[PEGAWAI/PEJABAT]. Data Pegawai/Pejabat', '2021-06-23 04:12:59', 'true', '2021-07-18 06:12:12'),
('00479b550c7ed6cc886b1077843a1930', 'admin', 'admin', 'admin', 'admin', 'ENTRI BARU : SETDA', '[MASTER]. Data Jabatan TTD', '2021-06-23 04:16:05', 'true', '2021-07-18 06:12:12'),
('9744cb41a8a058cedf1d79f702861649', 'admin', 'admin', 'admin', 'admin', 'ENTRI BARU : 196703011991121004', '[PEGAWAI/PEJABAT]. TTD SPPD', '2021-06-23 04:16:24', 'true', '2021-07-18 06:12:12'),
('2d93235c512c29dcdab71aeb884a91ad', 'admin', 'admin', 'admin', 'admin', 'ENTRI BARU : 196810281999031001', '[PEGAWAI/PEJABAT]. TTD SPPD', '2021-06-23 04:16:54', 'true', '2021-07-18 06:12:12'),
('e68e112b918a8ddd2c31d8570463d039', 'admin', 'admin', 'admin', 'admin', 'ENTRI BARU : 197701242002121001', '[PEGAWAI/PEJABAT]. TTD SPPD', '2021-06-23 04:17:13', 'true', '2021-07-18 06:12:12'),
('5b611c0a95b2e9cdd25905b473a0962a', 'admin', 'admin', 'admin', 'admin', 'ENTRI BARU : 199107112014021002', '[PEGAWAI/PEJABAT]. Data Pegawai/Pejabat', '2021-06-23 04:18:44', 'true', '2021-07-18 06:12:12'),
('c502391401ce99105e8e4fda15520618', 'admin', 'admin', 'admin', 'admin', 'ENTRI BARU : 199107112014021002', '[PEGAWAI/PEJABAT]. TTD SPPD', '2021-06-23 04:19:12', 'true', '2021-07-18 06:12:12'),
('1d95737dbfb380881e52d3e36027045d', 'admin', 'admin', 'admin', 'admin', 'ENTRI BARU : 111222333 . Abi Daulah Haque', '[SPT] 20210622110842  : Set Pegawai', '2021-06-23 11:44:10', 'true', '2021-07-18 06:12:12'),
('aea77a838f95fec9af18fd413dacf5ed', 'admin', 'admin', 'admin', 'admin', 'ENTRI BARU : 196810281999031001', '[PEGAWAI/PEJABAT]. TTD SPPD', '2021-06-23 17:41:01', 'true', '2021-07-18 06:12:12'),
('f42171e313ce62a97b8d4fc9f31de652', 'admin', 'admin', 'admin', 'admin', 'ENTRI BARU : HD004', '[UANG & BIAYA]. Harian Diklat', '2021-06-24 03:55:38', 'true', '2021-07-18 06:12:12'),
('49d67c0b4a264408a67c2ba5685a017d', 'admin', 'admin', 'admin', 'admin', 'ENTRI BARU : HD005', '[UANG & BIAYA]. Harian Diklat', '2021-06-24 03:56:20', 'true', '2021-07-18 06:12:12'),
('4de83db6091415ce0d26dbe140b73ad6', 'admin', 'admin', 'admin', 'admin', 'UPDATE : P019', '[MASTER]. Data Golongan/Pangkat', '2021-06-24 03:57:47', 'true', '2021-07-18 06:12:12'),
('8d293efa12132f9403a78865115a8275', 'admin', 'admin', 'admin', 'admin', 'ENTRI BARU : P20', '[MASTER]. Data Golongan/Pangkat', '2021-06-24 03:58:20', 'true', '2021-07-18 06:12:12'),
('75578587e43ea19729834e1f52a82953', 'admin', 'admin', 'admin', 'admin', 'ENTRI BARU : HD006', '[UANG & BIAYA]. Harian Diklat', '2021-06-24 03:59:13', 'true', '2021-07-18 06:12:12'),
('bfc1b7361c7d99c01afa91eb98f918e4', 'admin', 'admin', 'admin', 'admin', 'ENTRI BARU : Bontang ke Samarinda', '[MASTER]. Data Tarif Sopir/Driver', '2021-06-24 13:10:51', 'true', '2021-07-18 06:12:12'),
('74fd9357fa75e9edb13213adab3ce8ce', 'admin', 'admin', 'admin', 'admin', 'ENTRI BARU : Bontang ke Balikpapan', '[MASTER]. Data Tarif Sopir/Driver', '2021-06-24 13:11:28', 'true', '2021-07-18 06:12:12'),
('16f473d010ff9202bc6bb84edc107d70', 'admin', 'admin', 'admin', 'admin', 'ENTRI BARU : Bontang ke Samarinda', '[UANG & BIAYA]. Transportasi Darat', '2021-06-24 13:38:25', 'true', '2021-07-18 06:12:12'),
('244894dcef5e55995863770060af5e22', 'admin', 'admin', 'admin', 'admin', 'ENTRI BARU : Bontang ke Sangatta xkkurixKutai Timurxkkurnanx', '[UANG & BIAYA]. Transportasi Darat', '2021-06-24 13:39:00', 'true', '2021-07-18 06:12:12'),
('8a235de0113514cfbf2af6aa43032c82', 'admin', 'admin', 'admin', 'admin', 'ENTRI BARU : Bontang ke Tenggarong xkkurixKutai Kartanegaraxkkurnanx', '[UANG & BIAYA]. Transportasi Darat', '2021-06-24 13:39:34', 'true', '2021-07-18 06:12:12'),
('68ecdafc18b980b6e80d1edb4f702bf4', 'admin', 'admin', 'admin', 'admin', 'ENTRI BARU : Bontang ke Balikpapan', '[UANG & BIAYA]. Transportasi Darat', '2021-06-24 13:40:02', 'true', '2021-07-18 06:12:12'),
('d54ba7eae8954452d2186a0d1aaf5ae8', 'admin', 'admin', 'admin', 'admin', 'ENTRI BARU : Bontang ke Tanah Grogot xkkurixPaserxkkurnanx', '[UANG & BIAYA]. Transportasi Darat', '2021-06-24 13:40:43', 'true', '2021-07-18 06:12:12'),
('91ffd87d7af2d87f72277147b85ab7f5', 'admin', 'admin', 'admin', 'admin', 'UPDATE : D001', '[UANG & BIAYA]. Transportasi Darat dari Bandara', '2021-06-24 13:42:32', 'true', '2021-07-18 06:12:12'),
('649860870fbcf19e0f7b9caee00b0390', 'admin', 'admin', 'admin', 'admin', 'UPDATE : D002', '[UANG & BIAYA]. Transportasi Darat dari Bandara', '2021-06-24 13:42:57', 'true', '2021-07-18 06:12:12'),
('23ef508adb425e65d66a87e695c278a6', 'admin', 'admin', 'admin', 'admin', 'UPDATE : BALI []', '[MASTER]. Data Tarif Hotel', '2021-06-25 04:01:18', 'true', '2021-07-18 06:12:12'),
('3fde7df7fa2c2ca9851fe4893cfa6ab0', 'admin', 'admin', 'admin', 'admin', 'UPDATE : JAWA TENGAH []', '[UANG & BIAYA]. Harian Diklat', '2021-06-25 13:40:07', 'true', '2021-07-18 06:12:12'),
('932c1d2cecb2e674ae052f381e59852c', 'admin', 'admin', 'admin', 'admin', 'UPDATE : KOTA BONTANG ke KOTA BALIKPAPAN', '[UANG & BIAYA]. Transportasi Darat', '2021-06-25 14:26:56', 'true', '2021-07-18 06:27:06'),
('fcb25efeb4804154a91f9b2c0b06c875', 'admin', 'admin', 'admin', 'admin', 'UPDATE : KOTA BONTANG ke KOTA SAMARINDA', '[UANG & BIAYA]. Transportasi Darat', '2021-06-25 14:27:22', 'true', '2021-07-18 06:27:06'),
('48ef573ec59ecdf858dd279423b56839', 'admin', 'admin', 'admin', 'admin', 'UPDATE : KOTA BONTANG ke Sangatta xkkurixKutai Timurxkkurnanx', '[UANG & BIAYA]. Transportasi Darat', '2021-06-25 14:27:59', 'true', '2021-07-18 06:27:06'),
('6214d86f9b017fbbf9a5e58052ccdcff', 'admin', 'admin', 'admin', 'admin', 'UPDATE : KOTA BONTANG ke Tanah Grogot xkkurixPaserxkkurnanx', '[UANG & BIAYA]. Transportasi Darat', '2021-06-25 14:28:19', 'true', '2021-07-18 06:27:06'),
('f77b6f33d8f089c2b83965781bc2ee65', 'admin', 'admin', 'admin', 'admin', 'UPDATE : KOTA BONTANG ke Tenggarong xkkurixKutai Kartanegaraxkkurnanx', '[UANG & BIAYA]. Transportasi Darat', '2021-06-25 14:28:30', 'true', '2021-07-18 06:27:06'),
('34bda16d9a9ddbf8d47de08952fabf2d', 'admin', 'admin', 'admin', 'admin', 'ENTRI BARU : 111222333 . Abi Daulah Haque', '[SPT] 090/0002/UMUM.1  : Set Pegawai', '2021-06-26 10:08:55', 'true', '2021-07-18 06:27:06'),
('b72a995f2909a6a2c16ffda4b234e882', 'admin', 'admin', 'admin', 'admin', 'ENTRI BARU : 009', '[MASTER]. Data Jabatan', '2021-06-29 00:50:31', 'true', '2021-07-18 06:27:06'),
('bf1b6fb44e3d2b92bb3137246eccf8e3', 'admin', 'admin', 'admin', 'admin', 'ENTRI BARU : 010', '[MASTER]. Data Jabatan', '2021-06-29 00:51:08', 'true', '2021-07-18 06:27:06'),
('839c10b9121e60285ce1f0c54022f05e', 'admin', 'admin', 'admin', 'admin', 'ENTRI BARU : 011', '[MASTER]. Data Jabatan', '2021-06-29 00:51:32', 'true', '2021-07-18 06:27:06'),
('a4bfb71bc982b528dc49ff537b989c00', 'admin', 'admin', 'admin', 'admin', 'ENTRI BARU : 012', '[MASTER]. Data Jabatan', '2021-06-29 00:51:57', 'true', '2021-07-18 06:27:06'),
('25794829eba625d6b7c8f9ee98353fc5', 'admin', 'admin', 'admin', 'admin', 'ENTRI BARU : 013', '[MASTER]. Data Jabatan', '2021-06-29 00:53:09', 'true', '2021-07-18 06:27:06'),
('566ac0da68e03d343134171bdf4cf1d3', 'admin', 'admin', 'admin', 'admin', 'ENTRI BARU : 19760912 1998022008', '[PEGAWAI/PEJABAT]. Data Pegawai/Pejabat', '2021-06-29 00:55:21', 'true', '2021-07-18 06:27:06'),
('1244ac3cabaf1dadeb39cffdceb27eaa', 'admin', 'admin', 'admin', 'admin', 'ENTRI BARU : xstrix', '[PEGAWAI/PEJABAT]. Data Pegawai/Pejabat', '2021-06-29 00:57:25', 'true', '2021-07-18 06:27:06'),
('ee74aa5bf80a530d68d4a0b43e11312d', 'admin', 'admin', 'admin', 'admin', 'ENTRI BARU : 19651022 1990032008', '[PEGAWAI/PEJABAT]. Data Pegawai/Pejabat', '2021-06-29 01:02:35', 'true', '2021-07-18 06:27:06'),
('f810686a62aecc4b04f54e3cfa2efe55', 'admin', 'admin', 'admin', 'admin', 'ENTRI BARU : 19651022 1990032008', '[PEGAWAI/PEJABAT]. Pemberi Perintah', '2021-06-29 03:17:19', 'true', '2021-07-18 06:27:06'),
('f50ec6db19b44db60833a1bfd62abd2e', 'admin', 'admin', 'admin', 'admin', 'ENTRI BARU : 19760912 1998022008 . SUMARNI', '[SPT] 090/0008/UMUM.1  : Set Pegawai', '2021-06-29 03:21:20', 'true', '2021-07-18 06:27:06'),
('f79b3ff7327079a97607529b80d70f1d', 'admin', 'admin', 'admin', 'admin', 'ENTRI BARU : xstrix . MUHAMMAD EDI', '[SPT] 090/0008/UMUM.1  : Set Pegawai', '2021-06-29 03:21:30', 'true', '2021-07-18 06:27:06'),
('c837078794f541b0208d10b3ee2b318e', 'admin', 'admin', 'admin', 'admin', 'UPDATE : 5.2.2.17.04', '[MASTER]. Data Rekening', '2021-07-06 00:41:12', 'true', '2021-07-18 06:27:06'),
('9cb27d4e87d79c859481e9c42116239a', 'admin', 'admin', 'admin', 'admin', 'UPDATE : ACEH []', '[UANG & BIAYA]. Harian Diklat', '2021-07-06 01:12:24', 'true', '2021-07-18 06:27:06'),
('d85306abe8309a3fd0af71060c013a9c', 'admin', 'admin', 'admin', 'admin', 'UPDATE : BALI []', '[UANG & BIAYA]. Harian Diklat', '2021-07-06 01:15:51', 'true', '2021-07-18 06:27:06'),
('3432cddb274fc7d023e7c5a4472b095a', 'admin', 'admin', 'admin', 'admin', 'UPDATE : BANTEN []', '[UANG & BIAYA]. Harian Diklat', '2021-07-06 01:17:23', 'true', '2021-07-18 06:27:06'),
('82bffda2fa538adc232713d0016f14f9', 'admin', 'admin', 'admin', 'admin', 'UPDATE : BENGKULU []', '[UANG & BIAYA]. Harian Diklat', '2021-07-06 01:18:43', 'true', '2021-07-18 06:27:06'),
('5866e7f1258b35422f5dba5ec06a6ab8', 'admin', 'admin', 'admin', 'admin', 'UPDATE : DI YOGYAKARTA []', '[UANG & BIAYA]. Harian Diklat', '2021-07-06 01:20:11', 'true', '2021-07-18 06:27:06'),
('22440c66ca2260965a0e335ad6c38b68', 'admin', 'admin', 'admin', 'admin', 'UPDATE : DKI JAKARTA []', '[UANG & BIAYA]. Harian Diklat', '2021-07-06 01:21:35', 'true', '2021-07-18 06:27:06'),
('7e16c24b972867e73ad22f3f8b2e6ac6', 'admin', 'admin', 'admin', 'admin', 'UPDATE : GORONTALO []', '[UANG & BIAYA]. Harian Diklat', '2021-07-06 01:22:47', 'true', '2021-07-18 06:27:06'),
('722950c8bfb1850f8cf53d3daedbdb5c', 'admin', 'admin', 'admin', 'admin', 'UPDATE : JAMBI []', '[UANG & BIAYA]. Harian Diklat', '2021-07-06 01:23:57', 'true', '2021-07-18 06:27:06'),
('ddc7712e47161580552e40d570d1411b', 'admin', 'admin', 'admin', 'admin', 'UPDATE : JAWA BARAT []', '[UANG & BIAYA]. Harian Diklat', '2021-07-06 01:24:53', 'true', '2021-07-18 06:27:06'),
('c650f19fe196184373aca676b0e77018', 'admin', 'admin', 'admin', 'admin', 'UPDATE : KABUPATEN KENDAL ke KOTA BALIKPAPAN', '[UANG & BIAYA]. Transportasi Darat', '2021-07-18 05:49:00', 'true', '2021-07-18 06:27:06'),
('b9ffdccf04c2de02461d61456fd61fe0', 'admin', 'admin', 'admin', 'admin', 'UPDATE : KABUPATEN KENDAL ke KOTA SAMARINDA', '[UANG & BIAYA]. Transportasi Darat', '2021-07-18 05:49:10', 'true', '2021-07-18 06:27:06'),
('dd18e8fc79a77455be5e6ec48eebb41f', 'admin', 'admin', 'admin', 'admin', 'ENTRI BARU : KABUPATEN KENDAL ke KOTA PEKALONGAN', '[UANG & BIAYA]. Transportasi Darat', '2021-07-18 05:49:45', 'true', '2021-07-18 06:27:06');

-- --------------------------------------------------------

--
-- Struktur dari tabel `user_history_gps`
--

CREATE TABLE `user_history_gps` (
  `kd` varchar(50) NOT NULL,
  `pegawai_kd` varchar(50) DEFAULT NULL,
  `pegawai_nip` varchar(100) DEFAULT NULL,
  `pegawai_nama` varchar(100) DEFAULT NULL,
  `lat_x` varchar(100) DEFAULT NULL,
  `lat_y` varchar(100) DEFAULT NULL,
  `alamat_googlemap` longtext DEFAULT NULL,
  `postdate` datetime DEFAULT NULL
) ENGINE=MyISAM DEFAULT CHARSET=utf8mb4;

--
-- Dumping data untuk tabel `user_history_gps`
--

INSERT INTO `user_history_gps` (`kd`, `pegawai_kd`, `pegawai_nip`, `pegawai_nama`, `lat_x`, `lat_y`, `alamat_googlemap`, `postdate`) VALUES
('c4df52e500027ac8a92ab9c9ff0ff5cf', '102f6e6898db90420749f0f22929bf56', '31960591370675', 'Mujiono', '-6.9214049', '110.1960848', 'Jl. Raya SoekarnoxstrixHatta No.343,  Kempil,  Langenharjo,  Kec. Kendal,  Kabupaten Kendal,  Jawa Tengah 51314,  Indonesia', '2021-06-05 14:12:28'),
('d81f959c98d41fea28f37645273e80c7', '102f6e6898db90420749f0f22929bf56', '31960591370675', 'Mujiono', '-6.9214048', '110.1960852', 'Jl. Raya SoekarnoxstrixHatta No.343,  Kempil,  Langenharjo,  Kec. Kendal,  Kabupaten Kendal,  Jawa Tengah 51314,  Indonesia', '2021-06-05 14:31:17'),
('d2d7c346f778af269a0fbb06390ded3b', '102f6e6898db90420749f0f22929bf56', '31960591370675', 'Mujiono', '-6.921404', '110.1960953', 'Jl. Raya SoekarnoxstrixHatta No.343,  Kempil,  Langenharjo,  Kec. Kendal,  Kabupaten Kendal,  Jawa Tengah 51314,  Indonesia', '2021-06-05 14:51:15'),
('a4a6cd7901272c2bd57762c7abfb228a', '102f6e6898db90420749f0f22929bf56', '31960591370675', 'Mujiono', '-6.9214014', '110.196097', 'Jl. Raya SoekarnoxstrixHatta No.343,  Kempil,  Langenharjo,  Kec. Kendal,  Kabupaten Kendal,  Jawa Tengah 51314,  Indonesia', '2021-06-05 14:51:24'),
('6804468b3d3feece8b733999fd0f5ae5', '102f6e6898db90420749f0f22929bf56', '31960591370675', 'Mujiono', '-6.9214024', '110.1960988', 'Jl. Raya SoekarnoxstrixHatta No.343,  Kempil,  Langenharjo,  Kec. Kendal,  Kabupaten Kendal,  Jawa Tengah 51314,  Indonesia', '2021-06-05 14:52:24'),
('a1f1015419402c6dff4fd54cd08449a8', '102f6e6898db90420749f0f22929bf56', '31960591370675', 'Mujiono', '-6.9213905', '110.1960991', 'Jl. Raya SoekarnoxstrixHatta No.343,  Kempil,  Langenharjo,  Kec. Kendal,  Kabupaten Kendal,  Jawa Tengah 51314,  Indonesia', '2021-06-05 14:52:28'),
('d1a86265015e620ad5c43471da249a77', '102f6e6898db90420749f0f22929bf56', '31960591370675', 'Mujiono', '-6.9213991', '110.1960903', 'Jl. Raya SoekarnoxstrixHatta No.343,  Kempil,  Langenharjo,  Kec. Kendal,  Kabupaten Kendal,  Jawa Tengah 51314,  Indonesia', '2021-06-05 15:28:02'),
('3201e1fee8db4d8e22e0cb69a9725e9b', '102f6e6898db90420749f0f22929bf56', '31960591370675', 'Mujiono', '-6.9214006', '110.1960914', 'Jl. Raya SoekarnoxstrixHatta No.343,  Kempil,  Langenharjo,  Kec. Kendal,  Kabupaten Kendal,  Jawa Tengah 51314,  Indonesia', '2021-06-05 16:21:49'),
('2af20e861a843d40efa7886a9350148f', '102f6e6898db90420749f0f22929bf56', '31960591370675', 'Mujiono', '-6.9214058', '110.1960939', 'Jl. Raya SoekarnoxstrixHatta No.343,  Kempil,  Langenharjo,  Kec. Kendal,  Kabupaten Kendal,  Jawa Tengah 51314,  Indonesia', '2021-06-05 16:23:42'),
('ed53beff8eb2420a819f52288453d87a', '102f6e6898db90420749f0f22929bf56', '31960591370675', 'Mujiono', '-6.921394', '110.1961053', 'Jl. Raya SoekarnoxstrixHatta No.343,  Kempil,  Langenharjo,  Kec. Kendal,  Kabupaten Kendal,  Jawa Tengah 51314,  Indonesia', '2021-06-05 16:30:33'),
('848ec55ccba65e3bb8b2ed73d85110fb', '102f6e6898db90420749f0f22929bf56', '31960591370675', 'Mujiono', '-6.9213943', '110.1961041', 'Jl. Raya SoekarnoxstrixHatta No.343,  Kempil,  Langenharjo,  Kec. Kendal,  Kabupaten Kendal,  Jawa Tengah 51314,  Indonesia', '2021-06-05 16:30:38'),
('94c9dcf7fc7c625ce989b24aa1327109', '102f6e6898db90420749f0f22929bf56', '31960591370675', 'Mujiono', '-6.9213871', '110.1961167', 'Jl. Raya SoekarnoxstrixHatta No.343,  Kempil,  Langenharjo,  Kec. Kendal,  Kabupaten Kendal,  Jawa Tengah 51314,  Indonesia', '2021-06-05 16:30:56'),
('a6927a3777c6462f7e150a7c928494e0', '102f6e6898db90420749f0f22929bf56', '31960591370675', 'Mujiono', '-6.9213896', '110.1961048', 'Jl. Raya SoekarnoxstrixHatta No.343,  Kempil,  Langenharjo,  Kec. Kendal,  Kabupaten Kendal,  Jawa Tengah 51314,  Indonesia', '2021-06-05 16:31:01'),
('de205061a19ed530affb830b2d7cba31', '102f6e6898db90420749f0f22929bf56', '31960591370675', 'Mujiono', '-6.9213988', '110.1960944', 'Jl. Raya SoekarnoxstrixHatta No.343,  Kempil,  Langenharjo,  Kec. Kendal,  Kabupaten Kendal,  Jawa Tengah 51314,  Indonesia', '2021-06-05 16:32:52'),
('652f03a16ddb4f8a8f18b92ab2c4e286', '102f6e6898db90420749f0f22929bf56', '31960591370675', 'Mujiono', '-6.9214135', '110.1960884', 'Jl. Raya SoekarnoxstrixHatta No.343,  Kempil,  Langenharjo,  Kec. Kendal,  Kabupaten Kendal,  Jawa Tengah 51314,  Indonesia', '2021-06-05 16:40:09'),
('165a3f1a88e835c5a5c8005532d1566d', '102f6e6898db90420749f0f22929bf56', '31960591370675', 'Mujiono', '-6.9214021', '110.1960865', 'Jl. Raya SoekarnoxstrixHatta No.343,  Kempil,  Langenharjo,  Kec. Kendal,  Kabupaten Kendal,  Jawa Tengah 51314,  Indonesia', '2021-06-05 16:42:11'),
('1bf526a42ffc3cc457ef3618a2084dd7', '102f6e6898db90420749f0f22929bf56', '31960591370675', 'Mujiono', '-6.9753745', '110.1478907', 'Unnamed Road,  Pangempon,  Tegorejo,  Kec. Pegandon,  Kabupat&eacutexkommaxn Kendal,  Jawa Tengah 51357,  Indonesia', '2021-06-06 02:16:56'),
('a388159209ac6d1b6773f178533292e6', '102f6e6898db90420749f0f22929bf56', '31960591370675', 'Mujiono', '-6.9782127', '110.1482372', 'Gg. Sindoro No.25,  Tegolayang,  Penanggulan,  Kec. Pegandon,  Kabupaten Kendal,  Jawa Tengah 51357,  Indonesia', '2021-06-06 02:17:07'),
('0f16dbe5568f8c119bcfa543f1cebab6', '102f6e6898db90420749f0f22929bf56', '31960591370675', 'Mujiono', '-6.9782125', '110.1482374', 'Gg. Sindoro No.25,  Tegolayang,  Penanggulan,  Kec. Pegandon,  Kabupaten Kendal,  Jawa Tengah 51357,  Indonesia', '2021-06-06 02:18:09'),
('f9c8258e7786ebb3ad2176dec80acfac', '102f6e6898db90420749f0f22929bf56', '31960591370675', 'Mujiono', '-6.9782125', '110.1482374', 'Gg. Sindoro No.25,  Tegolayang,  Penanggulan,  Kec. Pegandon,  Kabupaten Kendal,  Jawa Tengah 51357,  Indonesia', '2021-06-06 02:18:14'),
('bf201ff0ab1874dc8eeb2c309eec711a', '102f6e6898db90420749f0f22929bf56', '31960591370675', 'Mujiono', '-6.9782098', '110.1482407', 'Gg. Sindoro No.25,  Tegolayang,  Penanggulan,  Kec. Pegandon,  Kabupaten Kendal,  Jawa Tengah 51357,  Indonesia', '2021-06-06 02:18:18'),
('914cfc11b238e35202708d2fde59d7ef', '102f6e6898db90420749f0f22929bf56', '31960591370675', 'Mujiono', '-6.978209', '110.1482431', 'Gg. Sindoro No.25,  Tegolayang,  Penanggulan,  Kec. Pegandon,  Kabupaten Kendal,  Jawa Tengah 51357,  Indonesia', '2021-06-06 02:18:28'),
('70a420c8c065fc2564e31a7d67e2e88d', '102f6e6898db90420749f0f22929bf56', '31960591370675', 'Mujiono', '-6.978209', '110.1482431', 'Gg. Sindoro No.25,  Tegolayang,  Penanggulan,  Kec. Pegandon,  Kabupaten Kendal,  Jawa Tengah 51357,  Indonesia', '2021-06-06 02:19:24'),
('6754a28fcd6b5d4110f99e20ad703961', '102f6e6898db90420749f0f22929bf56', '31960591370675', 'Mujiono', '-6.9782131', '110.1482365', 'Gg. Sindoro No.25,  Tegolayang,  Penanggulan,  Kec. Pegandon,  Kabupaten Kendal,  Jawa Tengah 51357,  Indonesia', '2021-06-06 02:19:31'),
('df29ab0f7246e9cc38456ebb860808fc', '102f6e6898db90420749f0f22929bf56', '31960591370675', 'Mujiono', '-6.9782116', '110.1482548', 'Gg. Sindoro No.25,  Tegolayang,  Penanggulan,  Kec. Pegandon,  Kabupaten Kendal,  Jawa Tengah 51357,  Indonesia', '2021-06-07 01:16:24'),
('8850a8f36e8ee70451477b57c9b12766', '102f6e6898db90420749f0f22929bf56', '31960591370675', 'Mujiono', '-6.97821', '110.1482455', 'Gg. Sindoro No.25,  Tegolayang,  Penanggulan,  Kec. Pegandon,  Kabupaten Kendal,  Jawa Tengah 51357,  Indonesia', '2021-06-07 01:16:38'),
('035599e2a6fa23eeb235843195ce35c7', '102f6e6898db90420749f0f22929bf56', '31960591370675', 'Mujiono', '-6.9782515', '110.1485758', 'Gg. Sindoro No.25,  Tegolayang,  Penanggulan,  Kec. Pegandon,  Kabupaten Kendal,  Jawa Tengah 51357,  Indonesia', '2021-06-07 01:17:44'),
('655809a5d015df8913b68aa88aaed947', '102f6e6898db90420749f0f22929bf56', '31960591370675', 'Mujiono', '-6.9782119', '110.1482633', 'Gg. Sindoro No.25,  Tegolayang,  Penanggulan,  Kec. Pegandon,  Kabupaten Kendal,  Jawa Tengah 51357,  Indonesia', '2021-06-07 01:18:38'),
('7532c6a1049087123d935ca14e2d3ba7', '102f6e6898db90420749f0f22929bf56', '31960591370675', 'Mujiono', '-6.97821', '110.1482467', 'Gg. Sindoro No.25,  Tegolayang,  Penanggulan,  Kec. Pegandon,  Kabupaten Kendal,  Jawa Tengah 51357,  Indonesia', '2021-06-07 01:19:20'),
('0b574cf9d9b0c45c86496519f014d186', '102f6e6898db90420749f0f22929bf56', '31960591370675', 'Mujiono', '-6.9782108', '110.1482449', 'Gg. Sindoro No.25,  Tegolayang,  Penanggulan,  Kec. Pegandon,  Kabupaten Kendal,  Jawa Tengah 51357,  Indonesia', '2021-06-07 01:19:36'),
('978117e67d9b915f56b120173a76c320', '102f6e6898db90420749f0f22929bf56', '31960591370675', 'Mujiono', '-6.9782108', '110.1482429', 'Gg. Sindoro No.25,  Tegolayang,  Penanggulan,  Kec. Pegandon,  Kabupaten Kendal,  Jawa Tengah 51357,  Indonesia', '2021-06-07 01:19:40'),
('5dfbc137665ec8a63a1d8a28d4b7cf70', '102f6e6898db90420749f0f22929bf56', '31960591370675', 'Mujiono', '-6.9780664', '110.1487096', 'Gg. Sindoro No.25,  Tegolayang,  Penanggulan,  Kec. Pegandon,  Kabupaten Kendal,  Jawa Tengah 51357,  Indonesia', '2021-06-08 08:11:54'),
('e808a9741b1c37f410690af610079e62', '6294e3c07d20b6e1e78e3de56214d66a', '123', '123', '-6.9699577', '110.1478379', 'Unnamed Road,  Kersan,  Tegorejo,  Kec. Pegandon,  Kabupat&eacutexkommaxn Kendal,  Jawa Tengah 51357,  Indonesia', '2021-06-12 05:34:27'),
('c98fdb2188e204a2d379fe3ec6ea5d02', '6294e3c07d20b6e1e78e3de56214d66a', '123', '123', '-6.9699577', '110.1478379', 'Unnamed Road,  Kersan,  Tegorejo,  Kec. Pegandon,  Kabupat&eacutexkommaxn Kendal,  Jawa Tengah 51357,  Indonesia', '2021-06-12 05:34:41'),
('37c21f4cf6f5902f8436f426ae80db1f', '6294e3c07d20b6e1e78e3de56214d66a', '123', '123', '-6.9699577', '110.1478379', 'Unnamed Road,  Kersan,  Tegorejo,  Kec. Pegandon,  Kabupat&eacutexkommaxn Kendal,  Jawa Tengah 51357,  Indonesia', '2021-06-12 05:35:31'),
('a9da953547ffc2797f07e36d4670bc42', '6294e3c07d20b6e1e78e3de56214d66a', '123', '123', '-6.9699577', '110.1478379', 'Unnamed Road,  Kersan,  Tegorejo,  Kec. Pegandon,  Kabupat&eacutexkommaxn Kendal,  Jawa Tengah 51357,  Indonesia', '2021-06-12 05:37:40'),
('cc61d66d2be1aac99ae208ad9be86fc6', '102f6e6898db90420749f0f22929bf56', '31960591370675', 'Mujiono', '-6.9782279', '110.1483289', 'Gg. Sindoro No.25,  Tegolayang,  Penanggulan,  Kec. Pegandon,  Kabupaten Kendal,  Jawa Tengah 51357,  Indonesia', '2021-06-12 06:07:44'),
('ebd12f7f99f9b5a52a27e6a95b6ca23a', '102f6e6898db90420749f0f22929bf56', '31960591370675', 'Mujiono', '-6.9782279', '110.1483289', 'Gg. Sindoro No.25,  Tegolayang,  Penanggulan,  Kec. Pegandon,  Kabupaten Kendal,  Jawa Tengah 51357,  Indonesia', '2021-06-12 06:08:15'),
('cc8152aca946b68ca4baaa435721d494', '102f6e6898db90420749f0f22929bf56', '31960591370675', 'Mujiono', '-6.9782279', '110.1483289', 'Gg. Sindoro No.25,  Tegolayang,  Penanggulan,  Kec. Pegandon,  Kabupaten Kendal,  Jawa Tengah 51357,  Indonesia', '2021-06-12 06:08:22'),
('af08c1a4e64939626a45ec734516b060', '102f6e6898db90420749f0f22929bf56', '31960591370675', 'Mujiono', '-6.9782795', '110.1485753', 'Gg. Sindoro No.25,  Tegolayang,  Penanggulan,  Kec. Pegandon,  Kabupaten Kendal,  Jawa Tengah 51357,  Indonesia', '2021-06-12 06:14:21'),
('5e6a083430ebcf13eb0572d67e3ad56f', '102f6e6898db90420749f0f22929bf56', '31960591370675', 'Mujiono', '-6.9782236', '110.1483056', 'Gg. Sindoro No.25,  Tegolayang,  Penanggulan,  Kec. Pegandon,  Kabupaten Kendal,  Jawa Tengah 51357,  Indonesia', '2021-06-12 06:14:59'),
('b24183c23278d0e3f3749cfffa7d5429', '102f6e6898db90420749f0f22929bf56', '31960591370675', 'Mujiono', '-6.9782236', '110.1483056', 'Gg. Sindoro No.25,  Tegolayang,  Penanggulan,  Kec. Pegandon,  Kabupaten Kendal,  Jawa Tengah 51357,  Indonesia', '2021-06-12 06:15:07'),
('0263c2ff5d084bc6725a4ba908ae0b3b', '102f6e6898db90420749f0f22929bf56', '31960591370675', 'Mujiono', '-6.9782236', '110.1483056', 'Gg. Sindoro No.25,  Tegolayang,  Penanggulan,  Kec. Pegandon,  Kabupaten Kendal,  Jawa Tengah 51357,  Indonesia', '2021-06-12 06:15:14'),
('581fba32edef4387557afc27ae1af766', '6294e3c07d20b6e1e78e3de56214d66a', '123', '123', '-6.920509', '110.2036558', 'Jalan Masjid Nomor 15xstrixA,  Patukangan,  Kendal,  Patukangan,  Kec. Kendal,  Kabupaten Kendal,  Jawa Tengah 51311', '2021-06-12 13:19:54'),
('7cd7f6931815bdefbb355d9e958106c0', '6294e3c07d20b6e1e78e3de56214d66a', '123', '123', '-6.9205028', '110.203653', 'Jalan Masjid Nomor 15xstrixA,  Patukangan,  Kendal,  Patukangan,  Kec. Kendal,  Kabupaten Kendal,  Jawa Tengah 51311', '2021-06-12 13:33:27'),
('34990fe95c2079588616dd069f59bfa6', '6294e3c07d20b6e1e78e3de56214d66a', '123', '123', '-6.9782051', '110.148634', 'Gg. Sindoro No.25,  Tegolayang,  Penanggulan,  Kec. Pegandon,  Kabupaten Kendal,  Jawa Tengah 51357,  Indonesia', '2021-06-12 15:48:27'),
('17a994d9b9fd1553add7387616c385ad', '6294e3c07d20b6e1e78e3de56214d66a', '123', '123', '-6.9782152', '110.1486282', 'Gg. Sindoro No.25,  Tegolayang,  Penanggulan,  Kec. Pegandon,  Kabupaten Kendal,  Jawa Tengah 51357,  Indonesia', '2021-06-12 15:48:32'),
('6ea724f2cd68c09711254452f2d8b1cb', '6294e3c07d20b6e1e78e3de56214d66a', '123', '123', '-6.9623543', '110.1508037', 'Gg. Makmur Penanggulan,  Kauman,  Penanggulan,  Kec. Pegandon,  Kabupaten Kendal,  Jawa Tengah 51357,  Indonesia', '2021-06-12 15:48:38'),
('c72e7a01c7a457a1582da7d00981c09c', '6294e3c07d20b6e1e78e3de56214d66a', '123', '123', '-6.9623576', '110.1508023', 'Gg. Makmur Penanggulan,  Kauman,  Penanggulan,  Kec. Pegandon,  Kabupaten Kendal,  Jawa Tengah 51357,  Indonesia', '2021-06-12 23:29:33'),
('7d14c7d45163b418c8816d88cdbe80f7', '6294e3c07d20b6e1e78e3de56214d66a', '123', '123', '-6.9623576', '110.1508023', 'Gg. Makmur Penanggulan,  Kauman,  Penanggulan,  Kec. Pegandon,  Kabupaten Kendal,  Jawa Tengah 51357,  Indonesia', '2021-06-12 23:30:12'),
('2178d67d9fa2707c0351abfa4bb73d44', '102f6e6898db90420749f0f22929bf56', '31960591370675', 'Mujiono', '-6.9778859', '110.1483901', 'Jl. Sunan Abinawa,  Pangempon,  Tegorejo,  Kec. Pegandon,  Kabupaten Kendal,  Jawa Tengah 51357,  Indonesia', '2021-06-13 12:02:42'),
('9b4c4696ffd25620e02a8413fab929b7', '102f6e6898db90420749f0f22929bf56', '31960591370675', 'Mujiono', '-6.9782854', '110.1484989', 'Gg. Sindoro No.25,  Tegolayang,  Penanggulan,  Kec. Pegandon,  Kabupaten Kendal,  Jawa Tengah 51357,  Indonesia', '2021-06-13 15:30:02'),
('2a34c35224990a0ae0b7b1c148c88487', '102f6e6898db90420749f0f22929bf56', '31960591370675', 'Mujiono', '-6.9782119', '110.1486006', 'Gg. Sindoro No.25,  Tegolayang,  Penanggulan,  Kec. Pegandon,  Kabupaten Kendal,  Jawa Tengah 51357,  Indonesia', '2021-06-13 15:48:57'),
('bbbb02c9fdb5f2af8d3ccc6f0afe963d', '102f6e6898db90420749f0f22929bf56', '31960591370675', 'Mujiono', '-6.9782119', '110.1486006', 'Gg. Sindoro No.25,  Tegolayang,  Penanggulan,  Kec. Pegandon,  Kabupaten Kendal,  Jawa Tengah 51357,  Indonesia', '2021-06-13 15:49:17'),
('b15a246b620c883a8b9f2821cc370a6a', 'a8c446609a20c54f3bd9e76ac486ffe0', '31050724520683', 'Moh. Sakban', '-6.9780309', '110.1487194', 'Gg. Sindoro No.25,  Tegolayang,  Penanggulan,  Kec. Pegandon,  Kabupaten Kendal,  Jawa Tengah 51357,  Indonesia', '2021-06-14 07:22:11'),
('397ab1af444d616b6498a4eef304c4fb', 'a8c446609a20c54f3bd9e76ac486ffe0', '31050724520683', 'Moh. Sakban', '-6.9780309', '110.1487194', 'Gg. Sindoro No.25,  Tegolayang,  Penanggulan,  Kec. Pegandon,  Kabupaten Kendal,  Jawa Tengah 51357,  Indonesia', '2021-06-14 07:22:01'),
('58a669ba41007d8c3db3da0660f8219f', '', '', '', '', '', '', '2021-07-02 23:47:35'),
('d3c4819728ccd362ce204306b910c278', '', '', '', '', '', '', '2021-07-02 23:47:54'),
('005b099cda8b2f33f12ebc731d86e590', '', '', '', '', '', '', '2021-07-02 23:49:00'),
('7dc279a71ebc752c9baa26bc822e23a9', '', '', '', '', '', '', '2021-07-02 23:50:43'),
('9f58bab4afbb8ab348cf76868d819d4a', '', '', '', '', '', '', '2021-07-02 23:52:10'),
('e93fc494a1e6b0feeb2e83caa28b54a8', '', '', '', '', '', '', '2021-07-02 23:52:44'),
('714b8fb9df10c857ed9ad0feb39c2700', '', '', '', '', '', '', '2021-07-02 23:55:19'),
('1d0cb7e6f2b3d03ccd2e2c98480f5707', '', '', '', '', '', '', '2021-07-02 23:55:21'),
('f056333c6f5ae0d4d792b168fa609c8a', '', '', '', '', '', '', '2021-07-02 23:55:41'),
('6cc3512472fed29cdc88a6e2048c95f5', '', '', '', '', '', '', '2021-07-02 23:55:52'),
('33e40d0fe5241bd3d8727350aa6e0932', '', '', '', '', '', '', '2021-07-02 23:57:10'),
('fc288a9d772d4cf83eed2bfe3b030a8c', '', '', '', '', '', '', '2021-07-02 23:57:13'),
('e8fc90d6975d1ca7f1b10ec46c0069ef', '', '', '', '', '', '', '2021-07-02 23:57:22'),
('d792a611ea8561e51cf80cef04b0d0ab', '', '', '', '', '', '', '2021-07-02 23:57:55'),
('58c703bab931e238f9cb146020006132', '', '', '', '', '', '', '2021-07-02 23:58:28'),
('4b46efcbec9ba3fb6e9e2c189cfd8673', '', '', '', '', '', '', '2021-07-02 23:58:30'),
('a8dc5b1b4765ecab1a6ebba3195a61b6', '', '', '', '', '', '', '2021-07-02 23:59:45'),
('ca56608a0cf480aea1f2a440b6c415a2', '', '', '', '', '', '', '2021-07-03 00:01:03'),
('fd33f4d3385d1c833e2f5343f906b4ae', '', '', '', '', '', '', '2021-07-14 03:04:56'),
('413944dd77c3939f78ac02dc7bf4791d', '', '', '', '', '', '', '2021-07-14 03:05:05'),
('d69b9b64b7b4f292cf0780e41e184587', '7b1a962abbbcdab28a76d2ddf55675e0', '111222333', 'Abi Daulah Haque', '', '', '', '2021-07-14 03:07:07'),
('2e1662273bf2d62d3d3d0ebc89e84d5f', '7b1a962abbbcdab28a76d2ddf55675e0', '111222333', 'Abi Daulah Haque', '', '', '', '2021-07-14 03:12:33'),
('bfe264fcd013a2f4e1c7c869c9a9ad5e', '7b1a962abbbcdab28a76d2ddf55675e0', '111222333', 'Abi Daulah Haque', '', '', '', '2021-07-14 03:12:41'),
('569a0322ec01dd1511176c90fd9c4ecc', '7b1a962abbbcdab28a76d2ddf55675e0', '111222333', 'Abi Daulah Haque', '', '', '', '2021-07-14 03:13:01'),
('0a5188b669211967ec7e4a3e7d1d6f4e', '7b1a962abbbcdab28a76d2ddf55675e0', '111222333', 'Abi Daulah Haque', '', '', '', '2021-07-14 03:17:20'),
('c0995ac3b3c5286e250a8ce8fa4689f2', '', '', '', '', '', '', '2021-07-14 09:44:38'),
('6160fc97884a5ad77057b8222df88f53', '', '', '', '', '', ', , , , , ,', '2021-07-14 09:44:51'),
('2fd5aa2c1a92ff05c8af89dde26d8882', '7b1a962abbbcdab28a76d2ddf55675e0', '111222333', 'Abi Daulah Haque', '', '', ', , , , , ,', '2021-07-14 09:47:26'),
('6ba043b2cd2e0c76040d7641c747b39b', '7b1a962abbbcdab28a76d2ddf55675e0', '111222333', 'Abi Daulah Haque', '', '', ', , , , , ,', '2021-07-14 09:47:34'),
('79c72a53d08f060dbb502d5ab3b17b49', '7b1a962abbbcdab28a76d2ddf55675e0', '111222333', 'Abi Daulah Haque', '', '', ', , , , , ,', '2021-07-14 09:48:29'),
('c984a14836885a12711a2f7006fd000f', '7b1a962abbbcdab28a76d2ddf55675e0', '111222333', 'Abi Daulah Haque', '', '', ', , , , , ,', '2021-07-14 09:49:19'),
('9e44235c2c7580c133bfa743a270161b', '7b1a962abbbcdab28a76d2ddf55675e0', '111222333', 'Abi Daulah Haque', '', '', ', , , , , ,', '2021-07-14 09:49:21'),
('f81311262ee277d413cdf8f146b27320', '7b1a962abbbcdab28a76d2ddf55675e0', '111222333', 'Abi Daulah Haque', '', '', ', , , , , ,', '2021-07-14 09:50:13'),
('1c3cfd3a80111c1ae82705234717cb6b', '7b1a962abbbcdab28a76d2ddf55675e0', '111222333', 'Abi Daulah Haque', '', '', ', , , , , ,', '2021-07-14 09:50:19'),
('1906a0e8213d45f2a361f166cb9c03e2', '7b1a962abbbcdab28a76d2ddf55675e0', '111222333', 'Abi Daulah Haque', '', '', ', , , , , ,', '2021-07-14 09:50:24'),
('ee3f6ae1c94d485db26266333c7ce5d7', '7b1a962abbbcdab28a76d2ddf55675e0', '111222333', 'Abi Daulah Haque', '', '', ', , , , , ,', '2021-07-14 09:52:36'),
('9289d92866fc252e8f572c66d5f962e3', '7b1a962abbbcdab28a76d2ddf55675e0', '111222333', 'Abi Daulah Haque', '', '', ', , , , , ,', '2021-07-14 09:52:38'),
('e41f1075f8bbc894d3b5028b1a7b41a8', '7b1a962abbbcdab28a76d2ddf55675e0', '111222333', 'Abi Daulah Haque', '', '', ', , , , , ,', '2021-07-14 09:53:21'),
('ae0e029b920f67444c91676ad37cb61f', '7b1a962abbbcdab28a76d2ddf55675e0', '111222333', 'Abi Daulah Haque', '', '', ', , , , , ,', '2021-07-14 09:53:23'),
('254c235d8fad473e332c58134755f730', '7b1a962abbbcdab28a76d2ddf55675e0', '111222333', 'Abi Daulah Haque', '', '', ', , , , , ,', '2021-07-14 09:54:01'),
('147863b39ed93c542a3aa91082ae8e9f', '7b1a962abbbcdab28a76d2ddf55675e0', '111222333', 'Abi Daulah Haque', '', '', ', , , , , ,', '2021-07-14 09:55:43'),
('c5c1a3f969fa0d67a5b9b9bd017d74bc', '7b1a962abbbcdab28a76d2ddf55675e0', '111222333', 'Abi Daulah Haque', '', '', '', '2021-07-14 09:56:00'),
('0f67ee6cdb325525752939103bedba2b', '7b1a962abbbcdab28a76d2ddf55675e0', '111222333', 'Abi Daulah Haque', '', '', '', '2021-07-14 09:57:30'),
('901cb88b5a49f637384a493246b5f0cd', '7b1a962abbbcdab28a76d2ddf55675e0', '111222333', 'Abi Daulah Haque', '', '', '', '2021-07-14 09:57:34'),
('5227e8d77c35e676d4bc1e8cbdcf22c7', '7b1a962abbbcdab28a76d2ddf55675e0', '111222333', 'Abi Daulah Haque', '', '', '', '2021-07-14 09:58:24'),
('22a5d680128f34680d9018010d9adc2b', '7b1a962abbbcdab28a76d2ddf55675e0', '111222333', 'Abi Daulah Haque', '', '', '', '2021-07-14 09:58:42'),
('7df0e9574a92145ada28aca6932ee17e', '7b1a962abbbcdab28a76d2ddf55675e0', '111222333', 'Abi Daulah Haque', '', '', '', '2021-07-14 09:58:53'),
('40f8226db4853347a64633dbdb7e83e0', '7b1a962abbbcdab28a76d2ddf55675e0', '111222333', 'Abi Daulah Haque', '', '', '', '2021-07-14 09:59:06'),
('b638532408a3ca78ec86a0f1e956bcee', '7b1a962abbbcdab28a76d2ddf55675e0', '111222333', 'Abi Daulah Haque', '', '', '', '2021-07-14 09:59:53'),
('98dcfcab1159a5f2016deee27e8a9c17', '7b1a962abbbcdab28a76d2ddf55675e0', '111222333', 'Abi Daulah Haque', '', '', '', '2021-07-14 09:59:55'),
('39407d822e81a0d6d63fe289900a5e7b', '7b1a962abbbcdab28a76d2ddf55675e0', '111222333', 'Abi Daulah Haque', '', '', '', '2021-07-14 09:59:57'),
('7edb0950fcb4a679113064125c6b505d', '7b1a962abbbcdab28a76d2ddf55675e0', '111222333', 'Abi Daulah Haque', '', '', '', '2021-07-14 10:00:53'),
('e6d17a087bb186e4ee1c2276c4479570', '7b1a962abbbcdab28a76d2ddf55675e0', '111222333', 'Abi Daulah Haque', '', '', '', '2021-07-14 10:01:20'),
('751037fb8d1692d4531dbf8829d93a5b', '7b1a962abbbcdab28a76d2ddf55675e0', '111222333', 'Abi Daulah Haque', '', '', '', '2021-07-14 10:01:55'),
('c82880aead27569ccd3285eecc447e69', '7b1a962abbbcdab28a76d2ddf55675e0', '111222333', 'Abi Daulah Haque', '', '', '', '2021-07-14 10:02:02'),
('96b17ed99e44fcfbd8064f823c7b5525', '7b1a962abbbcdab28a76d2ddf55675e0', '111222333', 'Abi Daulah Haque', '', '', '', '2021-07-14 10:02:06'),
('65576b23287a616254bde70b18347362', '7b1a962abbbcdab28a76d2ddf55675e0', '111222333', 'Abi Daulah Haque', '', '', '', '2021-07-14 10:02:22'),
('80348d09f5e455a609e93c7ee246c10b', '7b1a962abbbcdab28a76d2ddf55675e0', '111222333', 'Abi Daulah Haque', '', '', '', '2021-07-14 10:03:49'),
('b8596a2fb991ad301d06eaf38c948d93', '7b1a962abbbcdab28a76d2ddf55675e0', '111222333', 'Abi Daulah Haque', '', '', ', , , , , ,', '2021-07-14 10:03:55'),
('b6abea241323cdfca2e602611ea432cf', '7b1a962abbbcdab28a76d2ddf55675e0', '111222333', 'Abi Daulah Haque', '', '', ', , , , , ,', '2021-07-14 10:04:22'),
('4f0ee948b8f93ac41bae8bc65fc3aadb', '7b1a962abbbcdab28a76d2ddf55675e0', '111222333', 'Abi Daulah Haque', '', '', ', , , , , ,', '2021-07-14 10:04:33'),
('9e1c757b66bd9383cfad206912660729', '7b1a962abbbcdab28a76d2ddf55675e0', '111222333', 'Abi Daulah Haque', '', '', ', , , , , ,', '2021-07-14 10:05:00'),
('ed2529fef2878d291575d0b80b5e38a0', '7b1a962abbbcdab28a76d2ddf55675e0', '111222333', 'Abi Daulah Haque', '', '', ', , , , , ,', '2021-07-14 10:08:26'),
('45659c7e49f0d537749e824211c6cd0c', '7b1a962abbbcdab28a76d2ddf55675e0', '111222333', 'Abi Daulah Haque', '', '', ', , , , , ,', '2021-07-14 10:28:01'),
('463efd58f589138710b70315a5a423ed', '7b1a962abbbcdab28a76d2ddf55675e0', '111222333', 'Abi Daulah Haque', '', '', ', , , , , ,', '2021-07-14 10:28:36'),
('dbb8ca6029ec76a09f11683ef45e28db', '7b1a962abbbcdab28a76d2ddf55675e0', '111222333', 'Abi Daulah Haque', '', '', ', , , , , ,', '2021-07-14 10:28:42'),
('126c2c45ad00c47a3fdac3791aaeacf9', '7b1a962abbbcdab28a76d2ddf55675e0', '111222333', 'Abi Daulah Haque', '', '', ', , , , , ,', '2021-07-14 10:29:00'),
('16bae0caff74e2ede06477fb01a78f61', '7b1a962abbbcdab28a76d2ddf55675e0', '111222333', 'Abi Daulah Haque', '', '', ', , , , , ,', '2021-07-14 10:29:10'),
('d59ca7274567a54b6a9713c644369da0', '7b1a962abbbcdab28a76d2ddf55675e0', '111222333', 'Abi Daulah Haque', '', '', ', , , , , ,', '2021-07-14 10:29:33'),
('8a9c19091e519834eaa1ef03d139dd5a', '7b1a962abbbcdab28a76d2ddf55675e0', '111222333', 'Abi Daulah Haque', '', '', ', , , , , ,', '2021-07-14 10:30:24'),
('05bc591736f1613c6513b7b0e866f74f', '7b1a962abbbcdab28a76d2ddf55675e0', '111222333', 'Abi Daulah Haque', '', '', ', , , , , ,', '2021-07-14 10:30:29'),
('6cf5ee11baa217af7aaa185fa0f5e39c', '7b1a962abbbcdab28a76d2ddf55675e0', '111222333', 'Abi Daulah Haque', '', '', ', , , , , ,', '2021-07-14 10:30:36'),
('07b95b6f63ff3d8b8d9c3829f21afb61', '7b1a962abbbcdab28a76d2ddf55675e0', '111222333', 'Abi Daulah Haque', '', '', ', , , , , ,', '2021-07-14 23:09:22'),
('8db31f98bd8b6c10d48e059fe21b1469', '7b1a962abbbcdab28a76d2ddf55675e0', '111222333', 'Abi Daulah Haque', '', '', ', , , , , ,', '2021-07-14 23:10:45'),
('6b24e879d4526367195131af27ae87a5', '7b1a962abbbcdab28a76d2ddf55675e0', '111222333', 'Abi Daulah Haque', '', '', ', , , , , ,', '2021-07-14 23:11:50'),
('2115c2bac79e3d37f3781c820e6a5993', '7b1a962abbbcdab28a76d2ddf55675e0', '111222333', 'Abi Daulah Haque', '', '', ', , , , , ,', '2021-07-14 23:13:10'),
('e027c6b998fbc4061a21d34bb7ff134b', '7b1a962abbbcdab28a76d2ddf55675e0', '111222333', 'Abi Daulah Haque', '', '', ', , , , , ,', '2021-07-14 23:15:58'),
('298e651bb15bafd7a3a8fd198ed0d722', '7b1a962abbbcdab28a76d2ddf55675e0', '111222333', 'Abi Daulah Haque', '', '', ', , , , , ,', '2021-07-14 23:17:01'),
('fca33d2dc905f7b114b04dd90f7275a4', '7b1a962abbbcdab28a76d2ddf55675e0', '111222333', 'Abi Daulah Haque', '', '', ', , , , , ,', '2021-07-14 23:17:32'),
('fc9e4e2b0615acc060db39914f0dff22', '7b1a962abbbcdab28a76d2ddf55675e0', '111222333', 'Abi Daulah Haque', '', '', ', , , , , ,', '2021-07-14 23:19:27'),
('1215e2780334ac01ada08509aeb03434', '7b1a962abbbcdab28a76d2ddf55675e0', '111222333', 'Abi Daulah Haque', '', '', '', '2021-07-14 23:19:48'),
('175b6bf99a359336fa2a4c290e9dcc85', '7b1a962abbbcdab28a76d2ddf55675e0', '111222333', 'Abi Daulah Haque', '', '', '', '2021-07-14 23:24:59'),
('a3f911a38672ceae0ca8cd9068d8a1cb', '7b1a962abbbcdab28a76d2ddf55675e0', '111222333', 'Abi Daulah Haque', '', '', '', '2021-07-14 23:25:02'),
('8b2397f3f44a6dd2a74072293fc93050', '7b1a962abbbcdab28a76d2ddf55675e0', '111222333', 'Abi Daulah Haque', '', '', '', '2021-07-14 23:25:09');

-- --------------------------------------------------------

--
-- Struktur dari tabel `user_login`
--

CREATE TABLE `user_login` (
  `kd` varchar(50) NOT NULL,
  `nip` varchar(100) DEFAULT NULL,
  `nama` varchar(100) DEFAULT NULL,
  `jabatan` varchar(100) DEFAULT NULL,
  `postdate` datetime DEFAULT NULL,
  `ipnya` varchar(100) DEFAULT NULL,
  `online` enum('true','false') NOT NULL DEFAULT 'false'
) ENGINE=MyISAM DEFAULT CHARSET=latin1;

--
-- Dumping data untuk tabel `user_login`
--

INSERT INTO `user_login` (`kd`, `nip`, `nama`, `jabatan`, `postdate`, `ipnya`, `online`) VALUES
('eaf7d5a86897d82d3810971533cd09fc', 'ADMIN', 'ADMIN', 'ADMIN', '2021-05-25 04:35:16', '127.0.0.1', 'true'),
('d87682ec22437fe2418aec16627758be', 'ADMIN', 'ADMIN', 'ADMIN', '2021-05-25 04:53:39', '127.0.0.1', 'true'),
('644d9cfea4fa42d03c21d186c7b80542', 'ADMIN', 'ADMIN', 'ADMIN', '2021-06-03 03:37:26', '127.0.0.1', 'true'),
('2089460c6cdcdecfbfe3b9f007d02100', 'ADMIN', 'ADMIN', 'ADMIN', '2021-06-09 03:27:47', '127.0.0.1', 'true'),
('933831a8a2fb9dc779ee47786eb6de43', 'ADMIN', 'ADMIN', 'ADMIN', '2021-06-15 03:40:35', '127.0.0.1', 'false'),
('3253fe8282a021bd647cb656a215cc46', 'ADMIN', 'ADMIN', 'ADMIN', '2021-06-15 11:10:03', '127.0.0.1', 'false'),
('7d6763c3528dd51d243d357c738b76cb', 'ADMIN', 'ADMIN', 'ADMIN', '2021-06-15 15:39:37', '127.0.0.1', 'true'),
('7fb2c5710f65d103aa8c2c46318d0123', 'ADMIN', 'ADMIN', 'ADMIN', '2021-06-21 04:02:41', '127.0.0.1', 'false'),
('a9dc61cc867ce10cb4bd76d2c9dee67d', 'ADMIN', 'ADMIN', 'ADMIN', '2021-06-21 06:35:50', '127.0.0.1', 'true'),
('0b0132c720c550ca9783fac702188370', 'ADMIN', 'ADMIN', 'ADMIN', '2021-06-22 03:34:20', '127.0.0.1', 'false'),
('1671f7767fe350120f006dc189145af9', 'ADMIN', 'ADMIN', 'ADMIN', '2021-06-22 10:22:24', '127.0.0.1', 'true'),
('e696a00414c5d79063a6809ea1aac680', 'ADMIN', 'ADMIN', 'ADMIN', '2021-06-23 01:38:16', '127.0.0.1', 'false'),
('4b286e85c0a93b66a70f552480fa1597', 'ADMIN', 'ADMIN', 'ADMIN', '2021-06-23 04:01:36', '127.0.0.1', 'false'),
('dfc3ddc92a62c90c4b2cff814bf71c12', 'ADMIN', 'ADMIN', 'ADMIN', '2021-06-23 08:45:50', '127.0.0.1', 'false'),
('493b5132061eb98b219540c39482c71c', 'ADMIN', 'ADMIN', 'ADMIN', '2021-06-23 17:03:51', '23.106.56.38', 'false'),
('29c5c26c8a767214b9afc73c91ea7aff', 'ADMIN', 'ADMIN', 'ADMIN', '2021-06-23 23:34:20', '23.106.56.14', 'true'),
('c5d2a54ca247516c6a28c1727143f900', 'ADMIN', 'ADMIN', 'ADMIN', '2021-06-24 02:05:24', '23.106.56.21', 'false'),
('074c602b641871a21170455d2fdb7b0d', 'ADMIN', 'ADMIN', 'ADMIN', '2021-06-24 02:18:07', '103.105.35.109', 'false'),
('ed09d98c10d74967824bd74b87f9a0f8', 'ADMIN', 'ADMIN', 'ADMIN', '2021-06-24 02:21:13', '180.248.120.33', 'false'),
('f700192c293165cd21b849833b181c1b', 'ADMIN', 'ADMIN', 'ADMIN', '2021-06-24 03:38:33', '180.248.120.33', 'false'),
('70c861052e0e24b9c17e406cdc988a2d', 'ADMIN', 'ADMIN', 'ADMIN', '2021-06-24 03:44:50', '23.106.56.21', 'false'),
('0524b5fad956a0ae57ac7d159a5d95ce', 'ADMIN', 'ADMIN', 'ADMIN', '2021-06-24 03:44:50', '23.106.56.21', 'false'),
('2edb7105616573d804a25b7bff086629', 'ADMIN', 'ADMIN', 'ADMIN', '2021-06-24 12:10:21', '36.90.107.144', 'false'),
('1e4e796b4e7177f47ab37631d8b61cc2', 'ADMIN', 'ADMIN', 'ADMIN', '2021-06-25 02:55:55', '23.106.56.12', 'false'),
('0e9addf2768790a9ffd10cb1e7e33240', 'ADMIN', 'ADMIN', 'ADMIN', '2021-06-25 02:57:27', '23.106.56.12', 'false'),
('ea852a1ce8484e5ae7db7db365bf2522', 'ADMIN', 'ADMIN', 'ADMIN', '2021-06-25 04:00:38', '23.106.56.12', 'false'),
('77eca478eb40e0eaba86042a733daf50', 'ADMIN', 'ADMIN', 'ADMIN', '2021-06-25 04:00:38', '23.106.56.12', 'false'),
('cd51b5b7bead9a0a864a2ce6cf6b1f36', 'ADMIN', 'ADMIN', 'ADMIN', '2021-06-25 13:38:53', '23.106.56.22', 'true'),
('5460a78b72eb0b7e84345812bab44d84', 'ADMIN', 'ADMIN', 'ADMIN', '2021-06-26 09:54:05', '23.106.56.52', 'false'),
('58e1dc942c8d742c4b31edbcf1f9dd62', 'ADMIN', 'ADMIN', 'ADMIN', '2021-06-29 00:20:50', '182.3.137.27', 'false'),
('63bc992916f017e23ddfb9eb9cf0d38e', 'ADMIN', 'ADMIN', 'ADMIN', '2021-06-29 00:40:18', '182.3.137.27', 'false'),
('1de6fc12d6d9e26d0bf03f4b55ea4081', 'ADMIN', 'ADMIN', 'ADMIN', '2021-06-29 03:16:11', '180.248.121.120', 'true'),
('1cfab97261916db889329528396b6225', 'ADMIN', 'ADMIN', 'ADMIN', '2021-07-01 00:24:01', '23.106.56.14', 'true'),
('581c0d6450721705391eb0e21b684f52', 'ADMIN', 'ADMIN', 'ADMIN', '2021-07-02 01:03:36', '23.106.56.43', 'false'),
('990fcff159766841bf1b5f03d1e2de43', 'ADMIN', 'ADMIN', 'ADMIN', '2021-07-02 07:33:40', '23.106.56.35', 'false'),
('1abaffca6f4e9bc1ad645dbdd3d9829b', 'ADMIN', 'ADMIN', 'ADMIN', '2021-07-02 07:43:59', '23.106.56.36', 'false'),
('77a74208ab25811511ddb7eaaaf3145b', 'ADMIN', 'ADMIN', 'ADMIN', '2021-07-02 10:00:44', '23.106.56.36', 'false'),
('49ff3cf7dac07585602234a0acb99863', 'ADMIN', 'ADMIN', 'ADMIN', '2021-07-02 23:45:47', '23.106.56.52', 'true'),
('2d7e9dd1b2ec5649005928ec5e80b594', 'ADMIN', 'ADMIN', 'ADMIN', '2021-07-04 09:28:59', '180.244.182.195', 'false'),
('4fa83747ce85f51df24a5b35a568d98f', 'ADMIN', 'ADMIN', 'ADMIN', '2021-07-06 00:27:05', '180.248.123.79', 'true'),
('8e67f24b042b7666ee626e0ef3a3d1fe', 'ADMIN', 'ADMIN', 'ADMIN', '2021-07-14 03:06:10', '23.106.56.11', 'false'),
('b7908d076872f49412ae5d80ab78d297', 'ADMIN', 'ADMIN', 'ADMIN', '2021-07-14 09:43:48', '23.106.56.53', 'false'),
('8d0ef6c2c9f9b9b2804ec9008f11a7cb', '111222333', 'Abi Daulah Haque', 'STAF AHLI BIDANG HUKUM DAN POLITIK', '2021-07-14 09:47:25', '103.105.35.127', 'false'),
('dfb4d213eaa134779fc8e45fbff6ff6b', '111222333', 'Abi Daulah Haque', 'STAF AHLI BIDANG HUKUM DAN POLITIK', '2021-07-14 09:47:34', '103.105.35.127', 'false'),
('ca21df0f57086fe85c46cd3e6efe51fc', '111222333', 'Abi Daulah Haque', 'STAF AHLI BIDANG HUKUM DAN POLITIK', '2021-07-14 09:48:29', '103.105.35.127', 'false'),
('164c2d39bb9c4329d7394430c288deff', '111222333', 'Abi Daulah Haque', 'STAF AHLI BIDANG HUKUM DAN POLITIK', '2021-07-14 09:49:19', '103.105.35.127', 'false'),
('ed50246276f9fe5e9ed1c2e01bf2ff2d', '111222333', 'Abi Daulah Haque', 'STAF AHLI BIDANG HUKUM DAN POLITIK', '2021-07-14 09:49:21', '103.105.35.127', 'false'),
('72ef8386b531c2e626030b0e91d6d87b', '111222333', 'Abi Daulah Haque', 'STAF AHLI BIDANG HUKUM DAN POLITIK', '2021-07-14 09:50:12', '103.105.35.127', 'false'),
('33f66c12226510160ae696d09786c017', '111222333', 'Abi Daulah Haque', 'STAF AHLI BIDANG HUKUM DAN POLITIK', '2021-07-14 09:50:19', '103.105.35.127', 'false'),
('3b5322b6176bd37728d507e03c14ee54', '111222333', 'Abi Daulah Haque', 'STAF AHLI BIDANG HUKUM DAN POLITIK', '2021-07-14 09:50:24', '103.105.35.127', 'false'),
('dc5ed2be96a57c121d6fe6b35c2b3220', '111222333', 'Abi Daulah Haque', 'STAF AHLI BIDANG HUKUM DAN POLITIK', '2021-07-14 09:52:36', '103.105.35.127', 'false'),
('79d62c467a39b8b7c131b0afa8b94a5f', '111222333', 'Abi Daulah Haque', 'STAF AHLI BIDANG HUKUM DAN POLITIK', '2021-07-14 09:52:38', '103.105.35.127', 'false'),
('d6602261482ef0bcbed0ff169a4a16b0', '111222333', 'Abi Daulah Haque', 'STAF AHLI BIDANG HUKUM DAN POLITIK', '2021-07-14 09:53:21', '103.105.35.127', 'false'),
('edce6a89be87e2e69bc2ee27afcbd2c7', '111222333', 'Abi Daulah Haque', 'STAF AHLI BIDANG HUKUM DAN POLITIK', '2021-07-14 09:53:23', '103.105.35.127', 'false'),
('c54bb3f476e3ebcabe1672cd993e81ec', '111222333', 'Abi Daulah Haque', 'STAF AHLI BIDANG HUKUM DAN POLITIK', '2021-07-14 09:54:01', '103.105.35.127', 'false'),
('1f47486d5490679e8427acb569f4ab0a', '111222333', 'Abi Daulah Haque', 'STAF AHLI BIDANG HUKUM DAN POLITIK', '2021-07-14 09:55:42', '103.105.35.127', 'false'),
('3bb43eb14affd6cf0ab764beb193504f', '111222333', 'Abi Daulah Haque', 'STAF AHLI BIDANG HUKUM DAN POLITIK', '2021-07-14 09:56:00', '103.105.35.127', 'false'),
('9d10e34828a22970df3404c189ac33cd', '111222333', 'Abi Daulah Haque', 'STAF AHLI BIDANG HUKUM DAN POLITIK', '2021-07-14 10:01:55', '103.105.35.127', 'false'),
('96a41c974ea6fe5d9009c35c27fb4888', '111222333', 'Abi Daulah Haque', 'STAF AHLI BIDANG HUKUM DAN POLITIK', '2021-07-14 10:02:02', '103.105.35.127', 'false'),
('5387550fc50cba8e52ac9ed7b510709b', '111222333', 'Abi Daulah Haque', 'STAF AHLI BIDANG HUKUM DAN POLITIK', '2021-07-14 10:02:06', '103.105.35.127', 'false'),
('8542f67e30c50400eb9e39966b107277', '111222333', 'Abi Daulah Haque', 'STAF AHLI BIDANG HUKUM DAN POLITIK', '2021-07-14 10:02:22', '103.105.35.127', 'false'),
('ad5c5f5d603c2edc3d6d65cf9ff8282d', '111222333', 'Abi Daulah Haque', 'STAF AHLI BIDANG HUKUM DAN POLITIK', '2021-07-14 10:03:49', '103.105.35.127', 'false'),
('9902797288594d95ae89b97e03b2f5fb', '111222333', 'Abi Daulah Haque', 'STAF AHLI BIDANG HUKUM DAN POLITIK', '2021-07-14 10:03:55', '103.105.35.127', 'false'),
('2d0fd6c8e6e066dbcb928739921d8022', '111222333', 'Abi Daulah Haque', 'STAF AHLI BIDANG HUKUM DAN POLITIK', '2021-07-14 10:04:22', '103.105.35.127', 'false'),
('4e5f02ddf5e371e7dac2050c367a7374', '111222333', 'Abi Daulah Haque', 'STAF AHLI BIDANG HUKUM DAN POLITIK', '2021-07-14 10:04:32', '103.105.35.127', 'false'),
('3d774132a5ceb9afb023e54db89993f0', '111222333', 'Abi Daulah Haque', 'STAF AHLI BIDANG HUKUM DAN POLITIK', '2021-07-14 10:05:00', '103.105.35.127', 'false'),
('d6080140f0667858c7b919bd2519ee13', '111222333', 'Abi Daulah Haque', 'STAF AHLI BIDANG HUKUM DAN POLITIK', '2021-07-14 10:08:26', '103.105.35.127', 'false'),
('d38b7c1aae5bda9a1132358250a8fa4b', '111222333', 'Abi Daulah Haque', 'STAF AHLI BIDANG HUKUM DAN POLITIK', '2021-07-14 10:28:01', '103.105.35.127', 'false'),
('c7e97f6c558bc9e74f5b073473afd3dc', '111222333', 'Abi Daulah Haque', 'STAF AHLI BIDANG HUKUM DAN POLITIK', '2021-07-14 10:28:36', '103.105.35.127', 'false'),
('c083fbe5fb6973a43eba6192cbb06a7b', '111222333', 'Abi Daulah Haque', 'STAF AHLI BIDANG HUKUM DAN POLITIK', '2021-07-14 10:28:41', '103.105.35.127', 'false'),
('19a0f6bd985526cdc05bddcf12d794fa', '111222333', 'Abi Daulah Haque', 'STAF AHLI BIDANG HUKUM DAN POLITIK', '2021-07-14 10:29:00', '103.105.35.127', 'false'),
('893a78d485c8108c6de9b68e88045ce2', '111222333', 'Abi Daulah Haque', 'STAF AHLI BIDANG HUKUM DAN POLITIK', '2021-07-14 10:29:09', '103.105.35.127', 'false'),
('32cf1dbd692cf8bb6c6d32dd1127902d', '111222333', 'Abi Daulah Haque', 'STAF AHLI BIDANG HUKUM DAN POLITIK', '2021-07-14 10:29:33', '103.105.35.127', 'false'),
('f370fbba1f72432f70adb7c7bb021e01', '111222333', 'Abi Daulah Haque', 'STAF AHLI BIDANG HUKUM DAN POLITIK', '2021-07-14 10:30:23', '103.105.35.127', 'false'),
('2ef93b9d6a00d451463d13886d29bd60', '111222333', 'Abi Daulah Haque', 'STAF AHLI BIDANG HUKUM DAN POLITIK', '2021-07-14 10:30:29', '103.105.35.127', 'false'),
('c755f69fc88f645e9853bdb94ab38ff4', '111222333', 'Abi Daulah Haque', 'STAF AHLI BIDANG HUKUM DAN POLITIK', '2021-07-14 10:30:36', '103.105.35.127', 'false'),
('2af8c5bc7aadee7dcb30d9b56adfed73', 'ADMIN', 'ADMIN', 'ADMIN', '2021-07-14 23:08:46', '23.106.56.14', 'true'),
('04b95219756c2fc9612fb2c2b4179904', '111222333', 'Abi Daulah Haque', 'STAF AHLI BIDANG HUKUM DAN POLITIK', '2021-07-14 23:09:22', '103.105.35.112', 'false'),
('be723e7d65987c62544b16f13e9d12ed', '111222333', 'Abi Daulah Haque', 'STAF AHLI BIDANG HUKUM DAN POLITIK', '2021-07-14 23:10:45', '103.105.35.112', 'false'),
('a983a09a843fd731becd8b082b7c399f', '111222333', 'Abi Daulah Haque', 'STAF AHLI BIDANG HUKUM DAN POLITIK', '2021-07-14 23:11:49', '103.105.35.112', 'false'),
('12dfde88b73098bf906c703ec78a7ca9', '111222333', 'Abi Daulah Haque', 'STAF AHLI BIDANG HUKUM DAN POLITIK', '2021-07-14 23:13:10', '103.105.35.112', 'false'),
('1ddafc09ed4e1fe08221f78aa261d72e', '111222333', 'Abi Daulah Haque', 'STAF AHLI BIDANG HUKUM DAN POLITIK', '2021-07-14 23:15:58', '103.105.35.112', 'false'),
('6e11243ac55d6e5030d205ffc5573c51', '111222333', 'Abi Daulah Haque', 'STAF AHLI BIDANG HUKUM DAN POLITIK', '2021-07-14 23:17:01', '103.105.35.112', 'false'),
('de54962da9b9a8eaa5c2a25f216e70cb', '111222333', 'Abi Daulah Haque', 'STAF AHLI BIDANG HUKUM DAN POLITIK', '2021-07-14 23:17:32', '103.105.35.112', 'false'),
('91cb4ed3e8140f56c599d014e1503c05', '111222333', 'Abi Daulah Haque', 'STAF AHLI BIDANG HUKUM DAN POLITIK', '2021-07-14 23:19:27', '103.105.35.112', 'false'),
('8bd61f5a160ba5bc3d07b3ef161c580b', '111222333', 'Abi Daulah Haque', 'STAF AHLI BIDANG HUKUM DAN POLITIK', '2021-07-14 23:19:48', '103.105.35.112', 'false'),
('b8c0b79c3fd42586a16634d1f224fe17', 'ADMIN', 'ADMIN', 'ADMIN', '2021-07-18 05:44:30', '127.0.0.1', 'false'),
('2a17e62c6fddbbf1c6f6e508f31fea04', 'ADMIN', 'ADMIN', 'ADMIN', '2021-07-18 06:10:12', '127.0.0.1', 'false'),
('821eee9cf8298e71e838d33ba867ec52', 'ADMIN', 'ADMIN', 'ADMIN', '2021-07-18 06:26:56', '127.0.0.1', 'false'),
('99e700f7c4b77ef470d20a2cf4d2ccb6', 'ADMIN', 'ADMIN', 'ADMIN', '2021-07-18 11:28:03', '127.0.0.1', 'false'),
('a4935276278dba29aaf33572baadbb56', 'ADMIN', 'ADMIN', 'ADMIN', '2021-07-18 14:53:36', '127.0.0.1', 'true');

--
-- Indexes for dumped tables
--

--
-- Indeks untuk tabel `adminx`
--
ALTER TABLE `adminx`
  ADD PRIMARY KEY (`kd`);

--
-- Indeks untuk tabel `lap_bag_bulan`
--
ALTER TABLE `lap_bag_bulan`
  ADD PRIMARY KEY (`kd`);

--
-- Indeks untuk tabel `lap_bag_tahun`
--
ALTER TABLE `lap_bag_tahun`
  ADD PRIMARY KEY (`kd`);

--
-- Indeks untuk tabel `lap_gol_bulan`
--
ALTER TABLE `lap_gol_bulan`
  ADD PRIMARY KEY (`kd`);

--
-- Indeks untuk tabel `lap_gol_tahun`
--
ALTER TABLE `lap_gol_tahun`
  ADD PRIMARY KEY (`kd`);

--
-- Indeks untuk tabel `lap_jabatan_bulan`
--
ALTER TABLE `lap_jabatan_bulan`
  ADD PRIMARY KEY (`kd`);

--
-- Indeks untuk tabel `lap_jabatan_tahun`
--
ALTER TABLE `lap_jabatan_tahun`
  ADD PRIMARY KEY (`kd`);

--
-- Indeks untuk tabel `m_bagian`
--
ALTER TABLE `m_bagian`
  ADD PRIMARY KEY (`kd`);

--
-- Indeks untuk tabel `m_beban`
--
ALTER TABLE `m_beban`
  ADD PRIMARY KEY (`kd`);

--
-- Indeks untuk tabel `m_dari`
--
ALTER TABLE `m_dari`
  ADD PRIMARY KEY (`kd`);

--
-- Indeks untuk tabel `m_eselon`
--
ALTER TABLE `m_eselon`
  ADD PRIMARY KEY (`kd`);

--
-- Indeks untuk tabel `m_gol_pangkat`
--
ALTER TABLE `m_gol_pangkat`
  ADD PRIMARY KEY (`kd`);

--
-- Indeks untuk tabel `m_jabatan`
--
ALTER TABLE `m_jabatan`
  ADD PRIMARY KEY (`kd`);

--
-- Indeks untuk tabel `m_jabatan_perintah`
--
ALTER TABLE `m_jabatan_perintah`
  ADD PRIMARY KEY (`kd`);

--
-- Indeks untuk tabel `m_jabatan_ttd`
--
ALTER TABLE `m_jabatan_ttd`
  ADD PRIMARY KEY (`kd`);

--
-- Indeks untuk tabel `m_jenis_transport`
--
ALTER TABLE `m_jenis_transport`
  ADD PRIMARY KEY (`kd`);

--
-- Indeks untuk tabel `m_kategori_dinas`
--
ALTER TABLE `m_kategori_dinas`
  ADD PRIMARY KEY (`kd`);

--
-- Indeks untuk tabel `m_kegiatan`
--
ALTER TABLE `m_kegiatan`
  ADD PRIMARY KEY (`kd`);

--
-- Indeks untuk tabel `m_kota`
--
ALTER TABLE `m_kota`
  ADD PRIMARY KEY (`kd`),
  ADD KEY `regencies_province_id_index` (`prop_kd`);

--
-- Indeks untuk tabel `m_pegawai`
--
ALTER TABLE `m_pegawai`
  ADD PRIMARY KEY (`kd`);

--
-- Indeks untuk tabel `m_pemberi_perintah`
--
ALTER TABLE `m_pemberi_perintah`
  ADD PRIMARY KEY (`kd`);

--
-- Indeks untuk tabel `m_propinsi`
--
ALTER TABLE `m_propinsi`
  ADD PRIMARY KEY (`kd`);

--
-- Indeks untuk tabel `m_rekening`
--
ALTER TABLE `m_rekening`
  ADD PRIMARY KEY (`kd`);

--
-- Indeks untuk tabel `m_status_spt`
--
ALTER TABLE `m_status_spt`
  ADD PRIMARY KEY (`kd`);

--
-- Indeks untuk tabel `m_tarif_hotel`
--
ALTER TABLE `m_tarif_hotel`
  ADD PRIMARY KEY (`kd`);

--
-- Indeks untuk tabel `m_tarif_sopir`
--
ALTER TABLE `m_tarif_sopir`
  ADD PRIMARY KEY (`kd`);

--
-- Indeks untuk tabel `m_tarif_transport_bandara`
--
ALTER TABLE `m_tarif_transport_bandara`
  ADD PRIMARY KEY (`kd`);

--
-- Indeks untuk tabel `m_tarif_transport_darat`
--
ALTER TABLE `m_tarif_transport_darat`
  ADD PRIMARY KEY (`kd`);

--
-- Indeks untuk tabel `m_ttd_sppd`
--
ALTER TABLE `m_ttd_sppd`
  ADD PRIMARY KEY (`kd`);

--
-- Indeks untuk tabel `m_tujuan`
--
ALTER TABLE `m_tujuan`
  ADD PRIMARY KEY (`kd`);

--
-- Indeks untuk tabel `m_uang_harian`
--
ALTER TABLE `m_uang_harian`
  ADD PRIMARY KEY (`kd`);

--
-- Indeks untuk tabel `m_uang_representasi`
--
ALTER TABLE `m_uang_representasi`
  ADD PRIMARY KEY (`kd`);

--
-- Indeks untuk tabel `t_kegiatan_anggaran`
--
ALTER TABLE `t_kegiatan_anggaran`
  ADD PRIMARY KEY (`kd`);

--
-- Indeks untuk tabel `t_spt`
--
ALTER TABLE `t_spt`
  ADD PRIMARY KEY (`kd`);

--
-- Indeks untuk tabel `t_spt_log_entri`
--
ALTER TABLE `t_spt_log_entri`
  ADD PRIMARY KEY (`kd`);

--
-- Indeks untuk tabel `t_spt_nourut`
--
ALTER TABLE `t_spt_nourut`
  ADD PRIMARY KEY (`nourut`),
  ADD KEY `spt_kd` (`spt_kd`);

--
-- Indeks untuk tabel `t_spt_pegawai`
--
ALTER TABLE `t_spt_pegawai`
  ADD PRIMARY KEY (`kd`);

--
-- Indeks untuk tabel `t_spt_pegawai_akomodasi`
--
ALTER TABLE `t_spt_pegawai_akomodasi`
  ADD PRIMARY KEY (`kd`);

--
-- Indeks untuk tabel `user_history`
--
ALTER TABLE `user_history`
  ADD PRIMARY KEY (`kd`);

--
-- Indeks untuk tabel `user_history_gps`
--
ALTER TABLE `user_history_gps`
  ADD PRIMARY KEY (`kd`);

--
-- Indeks untuk tabel `user_login`
--
ALTER TABLE `user_login`
  ADD PRIMARY KEY (`kd`);

--
-- AUTO_INCREMENT untuk tabel yang dibuang
--

--
-- AUTO_INCREMENT untuk tabel `t_spt_nourut`
--
ALTER TABLE `t_spt_nourut`
  MODIFY `nourut` int(11) NOT NULL AUTO_INCREMENT, AUTO_INCREMENT=9;
COMMIT;

/*!40101 SET CHARACTER_SET_CLIENT=@OLD_CHARACTER_SET_CLIENT */;
/*!40101 SET CHARACTER_SET_RESULTS=@OLD_CHARACTER_SET_RESULTS */;
/*!40101 SET COLLATION_CONNECTION=@OLD_COLLATION_CONNECTION */;
